split,tokens,content,words,audio_valid,vision_valid,audio_zero_eq_content,repeated_audio,expected_repeat,audio_vision_missing_same,truncated,word_loss
train,41,39,34,39,39,1,5,5,1,0,0.0
train,20,18,16,18,3,1,2,2,0,0,0.0
train,26,24,22,24,18,1,2,2,0,0,0.0
train,12,10,10,10,0,1,0,0,0,0,0.0
train,13,11,10,11,11,1,1,1,1,0,0.0
train,20,18,16,18,18,1,2,2,1,0,0.0
train,10,8,7,8,0,1,1,1,0,0,0.0
train,50,48,65,48,48,1,9,0,1,1,0.2615384615384615
train,30,28,23,28,28,1,5,5,1,0,0.0
train,31,29,26,29,29,1,3,3,1,0,0.0
train,18,16,14,16,16,1,2,2,1,0,0.0
train,50,48,41,48,48,1,14,7,1,0,0.0
train,34,32,27,32,32,1,5,5,1,0,0.0
train,23,21,20,21,21,1,1,1,1,0,0.0
train,31,29,26,29,29,1,3,3,1,0,0.0
train,50,48,43,48,48,1,5,5,1,0,0.0
train,31,29,22,29,29,1,7,7,1,0,0.0
train,10,8,8,8,8,1,0,0,1,0,0.0
train,23,21,16,21,21,1,5,5,1,0,0.0
train,19,17,16,17,17,1,1,1,1,0,0.0
train,21,19,16,19,19,1,3,3,1,0,0.0
train,13,11,9,11,11,1,2,2,1,0,0.0
train,29,27,20,27,27,1,7,7,1,0,0.0
train,23,21,20,21,21,1,1,1,1,0,0.0
train,41,39,33,39,39,1,6,6,1,0,0.0
train,10,8,8,8,8,1,0,0,1,0,0.0
train,13,11,10,11,11,1,1,1,1,0,0.0
train,28,26,23,26,26,1,3,3,1,0,0.0
train,10,8,8,8,8,1,0,0,1,0,0.0
train,18,16,12,16,16,1,4,4,1,0,0.0
train,11,9,9,9,9,1,0,0,1,0,0.0
train,13,11,5,11,11,1,6,6,1,0,0.0
train,16,14,13,14,14,1,1,1,1,0,0.0
train,32,30,26,30,30,1,4,4,1,0,0.0
train,20,18,17,18,18,1,1,1,1,0,0.0
train,20,18,10,18,18,1,8,8,1,0,0.0
train,14,12,12,12,12,1,0,0,1,0,0.0
train,14,12,11,12,12,1,1,1,1,0,0.0
train,37,35,30,35,35,1,5,5,1,0,0.0
train,13,11,9,11,11,1,2,2,1,0,0.0
train,10,8,8,8,8,1,0,0,1,0,0.0
train,17,15,14,15,15,1,1,1,1,0,0.0
train,21,19,11,19,19,1,8,8,1,0,0.0
train,28,26,18,26,26,1,8,8,1,0,0.0
train,31,29,18,29,29,1,11,11,1,0,0.0
train,17,15,14,15,15,1,1,1,1,0,0.0
train,22,20,13,20,20,1,7,7,1,0,0.0
train,38,36,27,36,36,1,9,9,1,0,0.0
train,6,4,4,4,4,1,0,0,1,0,0.0
train,12,10,9,10,10,1,1,1,1,0,0.0
train,16,14,14,14,14,1,0,0,1,0,0.0
train,21,19,13,19,19,1,6,6,1,0,0.0
train,39,37,29,37,34,1,8,8,0,0,0.0
train,17,15,15,15,15,1,0,0,1,0,0.0
train,17,15,15,15,15,1,0,0,1,0,0.0
train,33,31,27,31,31,1,4,4,1,0,0.0
train,35,33,26,33,33,1,7,7,1,0,0.0
train,21,19,19,19,19,1,0,0,1,0,0.0
train,9,7,5,7,7,1,2,2,1,0,0.0
train,27,25,20,25,25,1,5,5,1,0,0.0
train,20,18,15,18,18,1,3,3,1,0,0.0
train,31,29,24,29,29,1,5,5,1,0,0.0
train,22,20,19,20,20,1,1,1,1,0,0.0
train,23,21,16,21,21,1,5,5,1,0,0.0
train,8,6,6,6,6,1,0,0,1,0,0.0
train,50,48,47,48,48,1,3,1,1,0,0.0
train,19,17,13,17,17,1,4,4,1,0,0.0
train,50,48,70,48,48,1,15,0,1,1,0.3142857142857143
train,20,18,16,18,18,1,2,2,1,0,0.0
train,19,17,13,17,17,1,4,4,1,0,0.0
train,10,8,5,8,1,1,3,3,0,0,0.0
train,20,18,10,18,18,1,8,8,1,0,0.0
train,22,20,15,20,15,1,5,5,0,0,0.0
train,48,46,33,46,46,1,13,13,1,0,0.0
train,21,19,18,19,19,1,1,1,1,0,0.0
train,31,29,23,29,29,1,6,6,1,0,0.0
train,16,14,11,14,14,1,3,3,1,0,0.0
train,18,16,13,16,16,1,3,3,1,0,0.0
train,19,17,12,17,17,1,5,5,1,0,0.0
train,14,12,12,12,12,1,0,0,1,0,0.0
train,20,18,18,18,18,1,0,0,1,0,0.0
train,13,11,7,11,11,1,4,4,1,0,0.0
train,27,25,21,25,25,1,4,4,1,0,0.0
train,22,20,15,20,20,1,5,5,1,0,0.0
train,6,4,4,4,4,1,0,0,1,0,0.0
train,32,30,26,30,30,1,4,4,1,0,0.0
train,28,26,21,26,26,1,5,5,1,0,0.0
train,31,29,23,29,29,1,6,6,1,0,0.0
train,13,11,5,11,11,1,6,6,1,0,0.0
train,13,11,6,11,11,1,5,5,1,0,0.0
train,11,9,6,9,9,1,3,3,1,0,0.0
train,14,12,11,12,12,1,1,1,1,0,0.0
train,29,27,24,27,27,1,3,3,1,0,0.0
train,14,12,9,12,12,1,3,3,1,0,0.0
train,50,48,54,48,48,1,6,0,1,1,0.11111111111111116
train,11,9,7,9,9,1,2,2,1,0,0.0
train,30,28,17,28,28,1,11,11,1,0,0.0
train,23,21,15,21,10,1,6,6,0,0,0.0
train,17,15,11,15,15,1,4,4,1,0,0.0
train,5,3,3,3,3,1,0,0,1,0,0.0
train,14,12,10,12,12,1,2,2,1,0,0.0
train,50,48,47,48,17,1,2,1,0,0,0.0
train,15,13,11,13,3,1,2,2,0,0,0.0
train,25,23,20,23,20,1,3,3,0,0,0.0
train,25,23,19,23,14,1,4,4,0,0,0.0
train,9,7,5,7,7,1,2,2,1,0,0.0
train,15,13,13,13,13,1,0,0,1,0,0.0
train,17,15,9,15,15,1,6,6,1,0,0.0
train,18,16,13,16,16,1,3,3,1,0,0.0
train,13,11,7,11,11,1,4,4,1,0,0.0
train,13,11,5,11,11,1,6,6,1,0,0.0
train,21,19,12,19,19,1,7,7,1,0,0.0
train,10,8,6,8,8,1,2,2,1,0,0.0
train,50,48,75,48,48,1,15,0,1,1,0.36
train,50,48,47,48,48,1,10,1,1,0,0.0
train,22,20,18,20,20,1,2,2,1,0,0.0
train,32,30,23,30,30,1,7,7,1,0,0.0
train,29,27,22,27,27,1,5,5,1,0,0.0
train,50,48,41,48,48,1,10,7,1,0,0.0
train,20,18,14,18,18,1,4,4,1,0,0.0
train,35,33,29,33,33,1,4,4,1,0,0.0
train,7,5,3,5,5,1,2,2,1,0,0.0
train,20,18,12,18,18,1,6,6,1,0,0.0
train,11,9,6,9,9,1,3,3,1,0,0.0
train,6,4,3,4,4,1,1,1,1,0,0.0
train,27,25,20,25,25,1,5,5,1,0,0.0
train,35,33,26,33,33,1,7,7,1,0,0.0
train,12,10,8,10,10,1,2,2,1,0,0.0
train,24,22,18,22,22,1,4,4,1,0,0.0
train,22,20,17,20,20,1,3,3,1,0,0.0
train,26,24,20,24,24,1,4,4,1,0,0.0
train,22,20,13,20,8,1,7,7,0,0,0.0
train,31,29,24,29,29,1,5,5,1,0,0.0
train,10,8,6,8,8,1,2,2,1,0,0.0
train,7,5,5,5,5,1,0,0,1,0,0.0
train,16,14,13,14,14,1,1,1,1,0,0.0
train,9,7,5,7,7,1,2,2,1,0,0.0
train,20,18,10,18,18,1,8,8,1,0,0.0
train,20,18,14,18,18,1,4,4,1,0,0.0
train,29,27,22,27,27,1,5,5,1,0,0.0
train,35,33,27,33,33,1,6,6,1,0,0.0
train,14,12,12,12,12,1,0,0,1,0,0.0
train,16,14,12,14,14,1,2,2,1,0,0.0
train,11,9,7,9,9,1,2,2,1,0,0.0
train,12,10,10,10,0,1,0,0,0,0,0.0
train,30,28,21,28,28,1,7,7,1,0,0.0
train,24,22,20,22,22,1,2,2,1,0,0.0
train,26,24,21,24,24,1,3,3,1,0,0.0
train,30,28,19,28,28,1,9,9,1,0,0.0
train,9,7,7,7,7,1,0,0,1,0,0.0
train,20,18,17,18,18,1,1,1,1,0,0.0
train,45,43,31,43,43,1,12,12,1,0,0.0
train,43,41,30,41,41,1,11,11,1,0,0.0
train,40,38,31,38,38,1,7,7,1,0,0.0
train,33,31,23,31,31,1,8,8,1,0,0.0
train,6,4,4,4,4,1,0,0,1,0,0.0
train,15,13,8,13,13,1,5,5,1,0,0.0
train,21,19,10,19,19,1,9,9,1,0,0.0
train,12,10,6,10,10,1,4,4,1,0,0.0
train,28,26,20,26,26,1,6,6,1,0,0.0
train,27,25,19,25,25,1,6,6,1,0,0.0
train,12,10,8,10,10,1,2,2,1,0,0.0
train,18,16,10,16,16,1,6,6,1,0,0.0
train,15,13,8,13,13,1,5,5,1,0,0.0
train,37,35,19,35,35,1,16,16,1,0,0.0
train,33,31,20,31,31,1,11,11,1,0,0.0
train,19,17,10,17,17,1,7,7,1,0,0.0
train,45,43,34,43,43,1,9,9,1,0,0.0
train,50,48,40,48,48,1,13,8,1,0,0.0
train,47,45,32,45,45,1,13,13,1,0,0.0
train,38,36,32,36,36,1,4,4,1,0,0.0
train,29,27,25,27,27,1,2,2,1,0,0.0
train,24,22,14,22,22,1,8,8,1,0,0.0
train,10,8,6,8,8,1,2,2,1,0,0.0
train,29,27,14,27,27,1,13,13,1,0,0.0
train,24,22,15,22,22,1,7,7,1,0,0.0
train,25,23,17,23,23,1,6,6,1,0,0.0
train,34,32,27,32,32,1,5,5,1,0,0.0
train,38,36,28,36,36,1,8,8,1,0,0.0
train,15,13,9,13,13,1,4,4,1,0,0.0
train,25,23,14,23,23,1,9,9,1,0,0.0
train,30,28,20,28,28,1,8,8,1,0,0.0
train,33,31,22,31,31,1,9,9,1,0,0.0
train,50,48,43,48,48,1,5,5,1,0,0.0
train,18,16,13,16,16,1,3,3,1,0,0.0
train,40,38,32,38,38,1,6,6,1,0,0.0
train,21,19,16,19,19,1,3,3,1,0,0.0
train,16,14,14,14,14,1,0,0,1,0,0.0
train,5,3,3,3,3,1,0,0,1,0,0.0
train,33,31,24,31,31,1,7,7,1,0,0.0
train,11,9,7,9,9,1,2,2,1,0,0.0
train,32,30,28,30,30,1,2,2,1,0,0.0
train,21,19,13,19,17,1,6,6,0,0,0.0
train,3,1,1,1,1,1,0,0,1,0,0.0
train,13,11,11,11,11,1,0,0,1,0,0.0
train,15,13,12,13,13,1,1,1,1,0,0.0
train,8,6,5,6,6,1,1,1,1,0,0.0
train,16,14,10,14,14,1,4,4,1,0,0.0
train,47,45,35,45,45,1,10,10,1,0,0.0
train,14,12,10,12,12,1,2,2,1,0,0.0
train,33,31,26,31,31,1,5,5,1,0,0.0
train,26,24,18,24,24,1,6,6,1,0,0.0
train,50,48,87,48,48,1,15,0,1,1,0.4482758620689655
train,18,16,12,16,16,1,4,4,1,0,0.0
train,9,7,5,7,7,1,2,2,1,0,0.0
train,30,28,20,28,28,1,8,8,1,0,0.0
train,18,16,14,16,16,1,2,2,1,0,0.0
train,32,30,25,30,30,1,5,5,1,0,0.0
train,20,18,13,18,17,1,5,5,0,0,0.0
train,12,10,7,10,0,1,3,3,0,0,0.0
train,50,48,34,48,48,1,18,14,1,0,0.0
train,21,19,14,19,19,1,5,5,1,0,0.0
train,5,3,3,3,3,1,0,0,1,0,0.0
train,22,20,13,20,20,1,7,7,1,0,0.0
train,22,20,15,20,20,1,5,5,1,0,0.0
train,17,15,8,15,15,1,7,7,1,0,0.0
train,40,38,31,38,11,1,7,7,0,0,0.0
train,17,15,15,15,15,1,0,0,1,0,0.0
train,29,27,23,27,25,1,4,4,0,0,0.0
train,17,15,15,15,0,1,0,0,0,0,0.0
train,19,17,15,17,3,1,2,2,0,0,0.0
train,15,13,13,13,13,1,0,0,1,0,0.0
train,6,4,4,4,4,1,0,0,1,0,0.0
train,19,17,16,17,17,1,1,1,1,0,0.0
train,50,48,47,48,48,1,3,1,1,0,0.0
train,44,42,32,42,38,1,10,10,0,0,0.0
train,38,36,28,36,36,1,8,8,1,0,0.0
train,50,48,38,48,48,1,11,10,1,0,0.0
train,25,23,17,23,23,1,6,6,1,0,0.0
train,40,38,31,38,18,1,7,7,0,0,0.0
train,31,29,17,29,29,1,12,12,1,0,0.0
train,8,6,6,6,6,1,0,0,1,0,0.0
train,9,7,7,7,7,1,0,0,1,0,0.0
train,14,12,11,12,12,1,1,1,1,0,0.0
train,12,10,7,10,10,1,3,3,1,0,0.0
train,14,12,11,12,12,1,1,1,1,0,0.0
train,11,9,7,9,9,1,2,2,1,0,0.0
train,31,29,25,29,29,1,4,4,1,0,0.0
train,42,40,29,40,40,1,11,11,1,0,0.0
train,7,5,3,5,5,1,2,2,1,0,0.0
train,28,26,23,26,26,1,3,3,1,0,0.0
train,35,33,29,33,33,1,4,4,1,0,0.0
train,14,12,10,12,12,1,2,2,1,0,0.0
train,16,14,12,14,12,1,2,2,0,0,0.0
train,34,32,29,32,32,1,3,3,1,0,0.0
train,39,37,29,37,37,1,8,8,1,0,0.0
train,24,22,22,22,22,1,0,0,1,0,0.0
train,32,30,27,30,30,1,3,3,1,0,0.0
train,16,14,14,14,14,1,0,0,1,0,0.0
train,33,31,21,31,31,1,10,10,1,0,0.0
train,30,28,23,28,28,1,5,5,1,0,0.0
train,16,14,8,14,14,1,6,6,1,0,0.0
train,31,29,26,29,29,1,3,3,1,0,0.0
train,11,9,7,9,9,1,2,2,1,0,0.0
train,50,48,39,48,45,1,9,9,0,0,0.0
train,13,11,9,11,11,1,2,2,1,0,0.0
train,41,39,32,39,37,1,7,7,0,0,0.0
train,30,28,18,28,28,1,10,10,1,0,0.0
train,17,15,13,15,15,1,2,2,1,0,0.0
train,23,21,15,21,21,1,6,6,1,0,0.0
train,17,15,12,15,15,1,3,3,1,0,0.0
train,17,15,13,15,15,1,2,2,1,0,0.0
train,20,18,15,18,18,1,3,3,1,0,0.0
train,45,43,34,43,43,1,9,9,1,0,0.0
train,25,23,16,23,23,1,7,7,1,0,0.0
train,24,22,20,22,22,1,2,2,1,0,0.0
train,9,7,6,7,7,1,1,1,1,0,0.0
train,11,9,9,9,9,1,0,0,1,0,0.0
train,29,27,23,27,25,1,4,4,0,0,0.0
train,20,18,16,18,15,1,2,2,0,0,0.0
train,18,16,13,16,0,1,3,3,0,0,0.0
train,38,36,28,36,0,1,8,8,0,0,0.0
train,44,42,33,42,42,1,9,9,1,0,0.0
train,13,11,10,11,11,1,1,1,1,0,0.0
train,27,25,18,25,25,1,7,7,1,0,0.0
train,14,12,12,12,12,1,0,0,1,0,0.0
train,33,31,21,31,31,1,10,10,1,0,0.0
train,18,16,16,16,16,1,0,0,1,0,0.0
train,12,10,8,10,8,1,2,2,0,0,0.0
train,14,12,12,12,3,1,0,0,0,0,0.0
train,8,6,6,6,0,1,0,0,0,0,0.0
train,23,21,20,21,14,1,1,1,0,0,0.0
train,29,27,24,27,6,1,3,3,0,0,0.0
train,27,25,22,25,25,1,3,3,1,0,0.0
train,7,5,5,5,5,1,0,0,1,0,0.0
train,20,18,15,18,18,1,3,3,1,0,0.0
train,33,31,22,31,31,1,9,9,1,0,0.0
train,50,48,42,48,48,1,9,6,1,0,0.0
train,47,45,39,45,45,1,6,6,1,0,0.0
train,50,48,67,48,48,1,4,0,1,1,0.28358208955223885
train,29,27,22,27,27,1,5,5,1,0,0.0
train,19,17,15,17,17,1,2,2,1,0,0.0
train,33,31,28,31,31,1,3,3,1,0,0.0
train,37,35,28,35,35,1,7,7,1,0,0.0
train,30,28,28,28,28,1,0,0,1,0,0.0
train,34,32,22,32,32,1,10,10,1,0,0.0
train,16,14,11,14,14,1,3,3,1,0,0.0
train,50,48,42,48,48,1,6,6,1,0,0.0
train,22,20,17,20,20,1,3,3,1,0,0.0
train,15,13,11,13,13,1,2,2,1,0,0.0
train,12,10,9,10,10,1,1,1,1,0,0.0
train,17,15,12,15,15,1,3,3,1,0,0.0
train,50,48,45,48,48,1,7,3,1,0,0.0
train,50,48,40,48,48,1,14,8,1,0,0.0
train,23,21,16,21,21,1,5,5,1,0,0.0
train,50,48,42,48,42,1,8,6,0,0,0.0
train,13,11,10,11,11,1,1,1,1,0,0.0
train,29,27,22,27,27,1,5,5,1,0,0.0
train,32,30,25,30,30,1,5,5,1,0,0.0
train,40,38,33,38,38,1,5,5,1,0,0.0
train,19,17,15,17,17,1,2,2,1,0,0.0
train,37,35,32,35,35,1,3,3,1,0,0.0
train,11,9,3,9,9,1,6,6,1,0,0.0
train,13,11,9,11,11,1,2,2,1,0,0.0
train,13,11,7,11,11,1,4,4,1,0,0.0
train,37,35,26,35,35,1,9,9,1,0,0.0
train,25,23,15,23,23,1,8,8,1,0,0.0
train,39,37,32,37,37,1,5,5,1,0,0.0
train,26,24,18,24,24,1,6,6,1,0,0.0
train,13,11,7,11,11,1,4,4,1,0,0.0
train,24,22,13,22,22,1,9,9,1,0,0.0
train,21,19,17,19,19,1,2,2,1,0,0.0
train,36,34,26,34,34,1,8,8,1,0,0.0
train,50,48,36,48,48,1,12,12,1,0,0.0
train,45,43,33,43,42,1,10,10,0,0,0.0
train,41,39,28,39,39,1,11,11,1,0,0.0
train,15,13,8,13,13,1,5,5,1,0,0.0
train,31,29,25,29,29,1,4,4,1,0,0.0
train,11,9,7,9,9,1,2,2,1,0,0.0
train,8,6,6,6,6,1,0,0,1,0,0.0
train,4,2,2,2,0,1,0,0,0,0,0.0
train,17,15,15,15,15,1,0,0,1,0,0.0
train,40,38,34,38,38,1,4,4,1,0,0.0
train,19,17,13,17,17,1,4,4,1,0,0.0
train,33,31,30,31,31,1,1,1,1,0,0.0
train,28,26,22,26,0,1,4,4,0,0,0.0
train,40,38,32,38,38,1,6,6,1,0,0.0
train,28,26,25,26,17,1,1,1,0,0,0.0
train,21,19,17,19,19,1,2,2,1,0,0.0
train,11,9,7,9,0,1,2,2,0,0,0.0
train,35,33,28,33,33,1,5,5,1,0,0.0
train,13,11,5,11,11,1,6,6,1,0,0.0
train,50,48,54,48,48,1,15,0,1,1,0.11111111111111116
train,43,41,33,41,41,1,8,8,1,0,0.0
train,10,8,7,8,8,1,1,1,1,0,0.0
train,4,2,2,2,2,1,0,0,1,0,0.0
train,15,13,10,13,13,1,3,3,1,0,0.0
train,13,11,8,11,11,1,3,3,1,0,0.0
train,15,13,8,13,13,1,5,5,1,0,0.0
train,17,15,9,15,15,1,6,6,1,0,0.0
train,19,17,14,17,17,1,3,3,1,0,0.0
train,20,18,15,18,17,1,3,3,0,0,0.0
train,8,6,3,6,0,1,3,3,0,0,0.0
train,15,13,10,13,5,1,3,3,0,0,0.0
train,7,5,5,5,5,1,0,0,1,0,0.0
train,20,18,14,18,18,1,4,4,1,0,0.0
train,15,13,11,13,13,1,2,2,1,0,0.0
train,25,23,16,23,23,1,7,7,1,0,0.0
train,23,21,13,21,18,1,8,8,0,0,0.0
train,8,6,4,6,0,1,2,2,0,0,0.0
train,7,5,2,5,0,1,3,3,0,0,0.0
train,11,9,5,9,9,1,4,4,1,0,0.0
train,21,19,15,19,19,1,4,4,1,0,0.0
train,10,8,4,8,8,1,4,4,1,0,0.0
train,37,35,30,35,35,1,5,5,1,0,0.0
train,6,4,4,4,4,1,0,0,1,0,0.0
train,18,16,12,16,16,1,4,4,1,0,0.0
train,5,3,3,3,3,1,0,0,1,0,0.0
train,11,9,6,9,9,1,3,3,1,0,0.0
train,43,41,31,41,41,1,10,10,1,0,0.0
train,23,21,17,21,21,1,4,4,1,0,0.0
train,16,14,9,14,14,1,5,5,1,0,0.0
train,25,23,15,23,23,1,8,8,1,0,0.0
train,50,48,50,48,48,1,7,0,1,0,0.0
train,19,17,14,17,17,1,3,3,1,0,0.0
train,19,17,14,17,17,1,3,3,1,0,0.0
train,26,24,17,24,24,1,7,7,1,0,0.0
train,11,9,9,9,1,1,0,0,0,0,0.0
train,14,12,8,12,12,1,4,4,1,0,0.0
train,8,6,5,6,6,1,1,1,1,0,0.0
train,28,26,16,26,26,1,10,10,1,0,0.0
train,50,48,39,48,47,1,13,9,0,0,0.0
train,35,33,24,33,33,1,9,9,1,0,0.0
train,21,19,14,19,19,1,5,5,1,0,0.0
train,10,8,6,8,8,1,2,2,1,0,0.0
train,16,14,11,14,0,1,3,3,0,0,0.0
train,3,1,1,1,1,1,0,0,1,0,0.0
train,14,12,8,12,12,1,4,4,1,0,0.0
train,13,11,8,11,10,1,3,3,0,0,0.0
train,25,23,15,23,23,1,8,8,1,0,0.0
train,17,15,13,15,5,1,2,2,0,0,0.0
train,16,14,14,14,1,1,0,0,0,0,0.0
train,50,48,48,48,48,1,18,0,1,0,0.0
train,34,32,28,32,32,1,4,4,1,0,0.0
train,43,41,29,41,41,1,12,12,1,0,0.0
train,40,38,17,38,38,1,21,21,1,0,0.0
train,22,20,17,20,20,1,3,3,1,0,0.0
train,50,48,48,48,48,1,8,0,1,0,0.0
train,16,14,11,14,14,1,3,3,1,0,0.0
train,5,3,2,3,3,1,1,1,1,0,0.0
train,38,36,21,36,36,1,15,15,1,0,0.0
train,29,27,24,27,27,1,3,3,1,0,0.0
train,38,36,31,36,36,1,5,5,1,0,0.0
train,47,45,30,45,45,1,15,15,1,0,0.0
train,31,29,23,29,29,1,6,6,1,0,0.0
train,16,14,12,14,14,1,2,2,1,0,0.0
train,21,19,14,19,19,1,5,5,1,0,0.0
train,40,38,24,38,38,1,14,14,1,0,0.0
train,12,10,8,10,10,1,2,2,1,0,0.0
train,8,6,3,6,6,1,3,3,1,0,0.0
train,13,11,11,11,11,1,0,0,1,0,0.0
train,11,9,9,9,9,1,0,0,1,0,0.0
train,50,48,58,48,48,1,14,0,1,1,0.1724137931034483
train,29,27,17,27,27,1,10,10,1,0,0.0
train,3,1,1,1,1,1,0,0,1,0,0.0
train,50,48,42,48,48,1,14,6,1,0,0.0
train,13,11,11,11,11,1,0,0,1,0,0.0
train,15,13,11,13,13,1,2,2,1,0,0.0
train,26,24,20,24,24,1,4,4,1,0,0.0
train,50,48,43,48,48,1,11,5,1,0,0.0
train,11,9,7,9,9,1,2,2,1,0,0.0
train,33,31,21,31,31,1,10,10,1,0,0.0
train,23,21,15,21,21,1,6,6,1,0,0.0
train,12,10,7,10,10,1,3,3,1,0,0.0
train,22,20,10,20,20,1,10,10,1,0,0.0
train,33,31,24,31,31,1,7,7,1,0,0.0
train,19,17,13,17,3,1,4,4,0,0,0.0
train,24,22,16,22,18,1,6,6,0,0,0.0
train,22,20,13,20,20,1,7,7,1,0,0.0
train,30,28,17,28,28,1,11,11,1,0,0.0
train,50,48,44,48,48,1,11,4,1,0,0.0
train,31,29,25,29,9,1,4,4,0,0,0.0
train,33,31,24,31,9,1,7,7,0,0,0.0
train,15,13,11,13,13,1,2,2,1,0,0.0
train,20,18,13,18,18,1,5,5,1,0,0.0
train,19,17,11,17,17,1,6,6,1,0,0.0
train,28,26,22,26,26,1,4,4,1,0,0.0
train,18,16,8,16,16,1,8,8,1,0,0.0
train,27,25,18,25,25,1,7,7,1,0,0.0
train,8,6,6,6,6,1,0,0,1,0,0.0
train,28,26,17,26,26,1,9,9,1,0,0.0
train,36,34,23,34,25,1,11,11,0,0,0.0
train,8,6,6,6,6,1,0,0,1,0,0.0
train,12,10,8,10,10,1,2,2,1,0,0.0
train,50,48,40,48,48,1,14,8,1,0,0.0
train,13,11,9,11,11,1,2,2,1,0,0.0
train,36,34,26,34,34,1,8,8,1,0,0.0
train,14,12,10,12,12,1,2,2,1,0,0.0
train,49,47,34,47,47,1,13,13,1,0,0.0
train,8,6,6,6,6,1,0,0,1,0,0.0
train,16,14,14,14,14,1,0,0,1,0,0.0
train,15,13,11,13,13,1,2,2,1,0,0.0
train,20,18,12,18,18,1,6,6,1,0,0.0
train,11,9,6,9,9,1,3,3,1,0,0.0
train,26,24,16,24,24,1,8,8,1,0,0.0
train,9,7,4,7,7,1,3,3,1,0,0.0
train,3,1,1,1,1,1,0,0,1,0,0.0
train,48,46,36,46,46,1,10,10,1,0,0.0
train,10,8,6,8,8,1,2,2,1,0,0.0
train,13,11,10,11,11,1,1,1,1,0,0.0
train,15,13,12,13,13,1,1,1,1,0,0.0
train,22,20,18,20,20,1,2,2,1,0,0.0
train,3,1,1,1,1,1,0,0,1,0,0.0
train,39,37,30,37,37,1,7,7,1,0,0.0
train,7,5,5,5,5,1,0,0,1,0,0.0
train,9,7,5,7,7,1,2,2,1,0,0.0
train,14,12,10,12,12,1,2,2,1,0,0.0
train,39,37,29,37,12,1,8,8,0,0,0.0
train,7,5,5,5,0,1,0,0,0,0,0.0
train,13,11,9,11,9,1,2,2,0,0,0.0
train,17,15,12,15,11,1,3,3,0,0,0.0
train,18,16,13,16,16,1,3,3,1,0,0.0
train,24,22,18,22,22,1,4,4,1,0,0.0
train,29,27,23,27,27,1,4,4,1,0,0.0
train,26,24,17,24,24,1,7,7,1,0,0.0
train,12,10,9,10,9,1,1,1,0,0,0.0
train,21,19,16,19,19,1,3,3,1,0,0.0
train,10,8,6,8,7,1,2,2,0,0,0.0
train,10,8,3,8,8,1,5,5,1,0,0.0
train,33,31,18,31,31,1,13,13,1,0,0.0
train,20,18,14,18,18,1,4,4,1,0,0.0
train,47,45,29,45,45,1,16,16,1,0,0.0
train,21,19,10,19,19,1,9,9,1,0,0.0
train,45,43,33,43,43,1,10,10,1,0,0.0
train,39,37,32,37,37,1,5,5,1,0,0.0
train,25,23,18,23,23,1,5,5,1,0,0.0
train,50,48,49,48,48,1,9,0,1,0,0.0
train,16,14,11,14,14,1,3,3,1,0,0.0
train,23,21,13,21,21,1,8,8,1,0,0.0
train,25,23,15,23,23,1,8,8,1,0,0.0
train,5,3,2,3,3,1,1,1,1,0,0.0
train,7,5,5,5,5,1,0,0,1,0,0.0
train,9,7,6,7,7,1,1,1,1,0,0.0
train,26,24,17,24,24,1,7,7,1,0,0.0
train,15,13,8,13,13,1,5,5,1,0,0.0
train,27,25,17,25,25,1,8,8,1,0,0.0
train,24,22,16,22,22,1,6,6,1,0,0.0
train,20,18,15,18,18,1,3,3,1,0,0.0
train,21,19,13,19,19,1,6,6,1,0,0.0
train,15,13,10,13,13,1,3,3,1,0,0.0
train,20,18,14,18,18,1,4,4,1,0,0.0
train,12,10,8,10,9,1,2,2,0,0,0.0
train,50,48,45,48,48,1,10,3,1,0,0.0
train,7,5,5,5,5,1,0,0,1,0,0.0
train,32,30,23,30,30,1,7,7,1,0,0.0
train,21,19,18,19,19,1,1,1,1,0,0.0
train,29,27,17,27,27,1,10,10,1,0,0.0
train,12,10,10,10,10,1,0,0,1,0,0.0
train,36,34,24,34,34,1,10,10,1,0,0.0
train,21,19,12,19,19,1,7,7,1,0,0.0
train,21,19,13,19,19,1,6,6,1,0,0.0
train,12,10,8,10,10,1,2,2,1,0,0.0
train,44,42,21,42,42,1,21,21,1,0,0.0
train,25,23,18,23,23,1,5,5,1,0,0.0
train,23,21,16,21,21,1,5,5,1,0,0.0
train,18,16,12,16,16,1,4,4,1,0,0.0
train,10,8,6,8,8,1,2,2,1,0,0.0
train,15,13,12,13,13,1,1,1,1,0,0.0
train,18,16,14,16,16,1,2,2,1,0,0.0
train,7,5,3,5,5,1,2,2,1,0,0.0
train,50,48,63,48,25,1,7,0,0,1,0.23809523809523814
train,34,32,24,32,25,1,8,8,0,0,0.0
train,14,12,10,12,12,1,2,2,1,0,0.0
train,14,12,10,12,12,1,2,2,1,0,0.0
train,15,13,8,13,13,1,5,5,1,0,0.0
train,11,9,6,9,9,1,3,3,1,0,0.0
train,25,23,21,23,9,1,2,2,0,0,0.0
train,32,30,24,30,30,1,6,6,1,0,0.0
train,13,11,9,11,11,1,2,2,1,0,0.0
train,16,14,14,14,14,1,0,0,1,0,0.0
train,7,5,5,5,5,1,0,0,1,0,0.0
train,9,7,7,7,0,1,0,0,0,0,0.0
train,24,22,17,22,7,1,5,5,0,0,0.0
train,26,24,15,24,24,1,9,9,1,0,0.0
train,16,14,12,14,14,1,2,2,1,0,0.0
train,50,48,50,48,48,1,11,0,1,0,0.0
train,21,19,13,19,19,1,6,6,1,0,0.0
train,7,5,3,5,5,1,2,2,1,0,0.0
train,6,4,2,4,4,1,2,2,1,0,0.0
train,19,17,11,17,17,1,6,6,1,0,0.0
train,35,33,18,33,33,1,15,15,1,0,0.0
train,7,5,5,5,5,1,0,0,1,0,0.0
train,17,15,14,15,15,1,1,1,1,0,0.0
train,28,26,16,26,26,1,10,10,1,0,0.0
train,34,32,26,32,32,1,6,6,1,0,0.0
train,49,47,41,47,47,1,6,6,1,0,0.0
train,11,9,5,9,9,1,4,4,1,0,0.0
train,11,9,7,9,9,1,2,2,1,0,0.0
train,18,16,16,16,6,1,0,0,0,0,0.0
train,50,48,66,48,48,1,2,0,1,1,0.2727272727272727
train,32,30,26,30,30,1,4,4,1,0,0.0
train,29,27,22,27,27,1,5,5,1,0,0.0
train,19,17,15,17,0,1,2,2,0,0,0.0
train,44,42,34,42,42,1,8,8,1,0,0.0
train,23,21,13,21,21,1,8,8,1,0,0.0
train,11,9,7,9,9,1,2,2,1,0,0.0
train,35,33,20,33,33,1,13,13,1,0,0.0
train,28,26,17,26,26,1,9,9,1,0,0.0
train,25,23,15,23,23,1,8,8,1,0,0.0
train,20,18,13,18,4,1,5,5,0,0,0.0
train,10,8,5,8,0,1,3,3,0,0,0.0
train,48,46,32,46,41,1,14,14,0,0,0.0
train,28,26,23,26,26,1,3,3,1,0,0.0
train,8,6,4,6,6,1,2,2,1,0,0.0
train,24,22,17,22,12,1,5,5,0,0,0.0
train,29,27,27,27,27,1,0,0,1,0,0.0
train,15,13,10,13,13,1,3,3,1,0,0.0
train,33,31,24,31,29,1,7,7,0,0,0.0
train,21,19,13,19,19,1,6,6,1,0,0.0
train,13,11,8,11,11,1,3,3,1,0,0.0
train,25,23,20,23,23,1,3,3,1,0,0.0
train,9,7,6,7,7,1,1,1,1,0,0.0
train,20,18,14,18,18,1,4,4,1,0,0.0
train,24,22,17,22,22,1,5,5,1,0,0.0
train,22,20,10,20,20,1,10,10,1,0,0.0
train,12,10,8,10,10,1,2,2,1,0,0.0
train,50,48,37,48,48,1,12,11,1,0,0.0
train,15,13,8,13,13,1,5,5,1,0,0.0
train,27,25,18,25,25,1,7,7,1,0,0.0
train,11,9,7,9,9,1,2,2,1,0,0.0
train,50,48,45,48,48,1,13,3,1,0,0.0
train,11,9,7,9,9,1,2,2,1,0,0.0
train,12,10,8,10,10,1,2,2,1,0,0.0
train,38,36,26,36,35,1,10,10,0,0,0.0
train,14,12,8,12,12,1,4,4,1,0,0.0
train,5,3,3,3,0,1,0,0,0,0,0.0
train,32,30,25,30,30,1,5,5,1,0,0.0
train,13,11,9,11,11,1,2,2,1,0,0.0
train,40,38,32,38,38,1,6,6,1,0,0.0
train,40,38,29,38,38,1,9,9,1,0,0.0
train,46,44,35,44,44,1,9,9,1,0,0.0
train,25,23,16,23,23,1,7,7,1,0,0.0
train,50,48,40,48,48,1,17,8,1,0,0.0
train,19,17,15,17,17,1,2,2,1,0,0.0
train,50,48,39,48,48,1,10,9,1,0,0.0
train,31,29,24,29,29,1,5,5,1,0,0.0
train,11,9,9,9,9,1,0,0,1,0,0.0
train,8,6,6,6,6,1,0,0,1,0,0.0
train,50,48,61,48,48,1,20,0,1,1,0.21311475409836067
train,20,18,15,18,18,1,3,3,1,0,0.0
train,11,9,6,9,9,1,3,3,1,0,0.0
train,24,22,16,22,22,1,6,6,1,0,0.0
train,14,12,9,12,12,1,3,3,1,0,0.0
train,14,12,7,12,12,1,5,5,1,0,0.0
train,3,1,1,1,1,1,0,0,1,0,0.0
train,23,21,17,21,21,1,4,4,1,0,0.0
train,33,31,28,31,31,1,3,3,1,0,0.0
train,19,17,12,17,17,1,5,5,1,0,0.0
train,16,14,14,14,14,1,0,0,1,0,0.0
train,27,25,18,25,25,1,7,7,1,0,0.0
train,22,20,16,20,20,1,4,4,1,0,0.0
train,20,18,16,18,18,1,2,2,1,0,0.0
train,36,34,33,34,34,1,1,1,1,0,0.0
train,25,23,15,23,15,1,8,8,0,0,0.0
train,27,25,21,25,25,1,4,4,1,0,0.0
train,16,14,11,14,14,1,3,3,1,0,0.0
train,22,20,18,20,18,1,2,2,0,0,0.0
train,27,25,17,25,25,1,8,8,1,0,0.0
train,14,12,9,12,12,1,3,3,1,0,0.0
train,14,12,10,12,12,1,2,2,1,0,0.0
train,17,15,10,15,15,1,5,5,1,0,0.0
train,14,12,10,12,12,1,2,2,1,0,0.0
train,20,18,14,18,18,1,4,4,1,0,0.0
train,20,18,16,18,18,1,2,2,1,0,0.0
train,15,13,9,13,13,1,4,4,1,0,0.0
train,15,13,12,13,13,1,1,1,1,0,0.0
train,25,23,17,23,23,1,6,6,1,0,0.0
train,6,4,4,4,4,1,0,0,1,0,0.0
train,12,10,10,10,8,1,0,0,0,0,0.0
train,15,13,13,13,13,1,0,0,1,0,0.0
train,31,29,27,29,26,1,2,2,0,0,0.0
train,13,11,8,11,10,1,3,3,0,0,0.0
train,11,9,5,9,9,1,4,4,1,0,0.0
train,7,5,3,5,5,1,2,2,1,0,0.0
train,10,8,5,8,8,1,3,3,1,0,0.0
train,26,24,16,24,24,1,8,8,1,0,0.0
train,36,34,25,34,34,1,9,9,1,0,0.0
train,31,29,28,29,29,1,1,1,1,0,0.0
train,12,10,8,10,10,1,2,2,1,0,0.0
train,19,17,13,17,17,1,4,4,1,0,0.0
train,48,46,36,46,46,1,10,10,1,0,0.0
train,6,4,4,4,4,1,0,0,1,0,0.0
train,11,9,9,9,9,1,0,0,1,0,0.0
train,14,12,10,12,12,1,2,2,1,0,0.0
train,4,2,2,2,2,1,0,0,1,0,0.0
train,50,48,43,48,48,1,19,5,1,0,0.0
train,23,21,18,21,21,1,3,3,1,0,0.0
train,27,25,19,25,25,1,6,6,1,0,0.0
train,11,9,8,9,9,1,1,1,1,0,0.0
train,13,11,7,11,11,1,4,4,1,0,0.0
train,18,16,15,16,16,1,1,1,1,0,0.0
train,14,12,6,12,12,1,6,6,1,0,0.0
train,17,15,15,15,15,1,0,0,1,0,0.0
train,10,8,6,8,8,1,2,2,1,0,0.0
train,34,32,27,32,32,1,5,5,1,0,0.0
train,6,4,2,4,4,1,2,2,1,0,0.0
train,16,14,12,14,14,1,2,2,1,0,0.0
train,37,35,26,35,35,1,9,9,1,0,0.0
train,16,14,12,14,14,1,2,2,1,0,0.0
train,9,7,7,7,3,1,0,0,0,0,0.0
train,6,4,3,4,4,1,1,1,1,0,0.0
train,50,48,36,48,42,1,14,12,0,0,0.0
train,50,48,54,48,47,1,16,0,0,1,0.11111111111111116
train,33,31,24,31,30,1,7,7,0,0,0.0
train,47,45,35,45,32,1,10,10,0,0,0.0
train,16,14,10,14,5,1,4,4,0,0,0.0
train,23,21,12,21,21,1,9,9,1,0,0.0
train,14,12,12,12,8,1,0,0,0,0,0.0
train,50,48,50,48,39,1,10,0,0,0,0.0
train,19,17,11,17,17,1,6,6,1,0,0.0
train,17,15,11,15,15,1,4,4,1,0,0.0
train,8,6,6,6,6,1,0,0,1,0,0.0
train,12,10,6,10,10,1,4,4,1,0,0.0
train,31,29,21,29,29,1,8,8,1,0,0.0
train,50,48,55,48,48,1,18,0,1,1,0.12727272727272732
train,33,31,27,31,31,1,4,4,1,0,0.0
train,11,9,7,9,9,1,2,2,1,0,0.0
train,15,13,11,13,13,1,2,2,1,0,0.0
train,27,25,19,25,25,1,6,6,1,0,0.0
train,33,31,21,31,31,1,10,10,1,0,0.0
train,42,40,36,40,40,1,4,4,1,0,0.0
train,39,37,28,37,37,1,9,9,1,0,0.0
train,25,23,17,23,23,1,6,6,1,0,0.0
train,7,5,5,5,5,1,0,0,1,0,0.0
train,8,6,4,6,6,1,2,2,1,0,0.0
train,28,26,15,26,26,1,11,11,1,0,0.0
train,24,22,16,22,22,1,6,6,1,0,0.0
train,37,35,20,35,35,1,15,15,1,0,0.0
train,50,48,28,48,48,1,20,20,1,0,0.0
train,35,33,22,33,33,1,11,11,1,0,0.0
train,21,19,13,19,19,1,6,6,1,0,0.0
train,6,4,4,4,4,1,0,0,1,0,0.0
train,21,19,16,19,19,1,3,3,1,0,0.0
train,3,1,1,1,1,1,0,0,1,0,0.0
train,50,48,59,48,48,1,10,0,1,1,0.18644067796610164
train,50,48,60,48,48,1,9,0,1,1,0.19999999999999996
train,9,7,5,7,0,1,2,2,0,0,0.0
train,6,4,4,4,4,1,0,0,1,0,0.0
train,7,5,5,5,5,1,0,0,1,0,0.0
train,8,6,5,6,6,1,1,1,1,0,0.0
train,16,14,6,14,14,1,8,8,1,0,0.0
train,9,7,4,7,7,1,3,3,1,0,0.0
train,11,9,7,9,9,1,2,2,1,0,0.0
train,6,4,3,4,4,1,1,1,1,0,0.0
train,16,14,10,14,14,1,4,4,1,0,0.0
train,13,11,10,11,11,1,1,1,1,0,0.0
train,25,23,18,23,23,1,5,5,1,0,0.0
train,10,8,5,8,8,1,3,3,1,0,0.0
train,25,23,18,23,19,1,5,5,0,0,0.0
train,14,12,9,12,12,1,3,3,1,0,0.0
train,18,16,16,16,16,1,0,0,1,0,0.0
train,50,48,44,48,48,1,8,4,1,0,0.0
train,19,17,13,17,17,1,4,4,1,0,0.0
train,34,32,27,32,32,1,5,5,1,0,0.0
train,12,10,7,10,10,1,3,3,1,0,0.0
train,11,9,8,9,9,1,1,1,1,0,0.0
train,50,48,49,48,48,1,11,0,1,0,0.0
train,36,34,29,34,34,1,5,5,1,0,0.0
train,10,8,6,8,8,1,2,2,1,0,0.0
train,31,29,27,29,29,1,2,2,1,0,0.0
train,33,31,22,31,30,1,9,9,0,0,0.0
train,13,11,8,11,11,1,3,3,1,0,0.0
train,35,33,27,33,33,1,6,6,1,0,0.0
train,35,33,25,33,33,1,8,8,1,0,0.0
train,30,28,22,28,28,1,6,6,1,0,0.0
train,21,19,16,19,19,1,3,3,1,0,0.0
train,11,9,9,9,9,1,0,0,1,0,0.0
train,12,10,8,10,10,1,2,2,1,0,0.0
train,14,12,10,12,12,1,2,2,1,0,0.0
train,27,25,21,25,25,1,4,4,1,0,0.0
train,21,19,15,19,19,1,4,4,1,0,0.0
train,12,10,8,10,10,1,2,2,1,0,0.0
train,48,46,31,46,46,1,15,15,1,0,0.0
train,17,15,11,15,15,1,4,4,1,0,0.0
train,13,11,9,11,11,1,2,2,1,0,0.0
train,50,48,59,48,48,1,11,0,1,1,0.18644067796610164
train,19,17,13,17,17,1,4,4,1,0,0.0
train,16,14,10,14,14,1,4,4,1,0,0.0
train,12,10,5,10,10,1,5,5,1,0,0.0
train,26,24,23,24,24,1,1,1,1,0,0.0
train,11,9,7,9,9,1,2,2,1,0,0.0
train,17,15,12,15,15,1,3,3,1,0,0.0
train,14,12,10,12,12,1,2,2,1,0,0.0
train,16,14,10,14,14,1,4,4,1,0,0.0
train,30,28,25,28,28,1,3,3,1,0,0.0
train,19,17,11,17,17,1,6,6,1,0,0.0
train,11,9,6,9,9,1,3,3,1,0,0.0
train,3,1,1,1,0,1,0,0,0,0,0.0
train,5,3,3,3,2,1,0,0,0,0,0.0
train,19,17,14,17,17,1,3,3,1,0,0.0
train,16,14,14,14,14,1,0,0,1,0,0.0
train,15,13,11,13,13,1,2,2,1,0,0.0
train,39,37,28,37,37,1,9,9,1,0,0.0
train,30,28,18,28,28,1,10,10,1,0,0.0
train,26,24,15,24,24,1,9,9,1,0,0.0
train,16,14,8,14,14,1,6,6,1,0,0.0
train,15,13,10,13,13,1,3,3,1,0,0.0
train,32,30,27,30,30,1,3,3,1,0,0.0
train,35,33,23,33,33,1,10,10,1,0,0.0
train,48,46,36,46,46,1,10,10,1,0,0.0
train,18,16,10,16,16,1,6,6,1,0,0.0
train,6,4,2,4,4,1,2,2,1,0,0.0
train,14,12,9,12,12,1,3,3,1,0,0.0
train,34,32,28,32,32,1,4,4,1,0,0.0
train,17,15,13,15,15,1,2,2,1,0,0.0
train,10,8,8,8,8,1,0,0,1,0,0.0
train,33,31,24,31,31,1,7,7,1,0,0.0
train,40,38,31,38,38,1,7,7,1,0,0.0
train,11,9,7,9,9,1,2,2,1,0,0.0
train,8,6,4,6,6,1,2,2,1,0,0.0
train,22,20,15,20,20,1,5,5,1,0,0.0
train,27,25,19,25,25,1,6,6,1,0,0.0
train,14,12,10,12,12,1,2,2,1,0,0.0
train,39,37,31,37,37,1,6,6,1,0,0.0
train,50,48,52,48,48,1,7,0,1,1,0.07692307692307687
train,9,7,7,7,1,1,0,0,0,0,0.0
train,8,6,6,6,6,1,0,0,1,0,0.0
train,16,14,12,14,13,1,2,2,0,0,0.0
train,20,18,13,18,18,1,5,5,1,0,0.0
train,22,20,11,20,13,1,9,9,0,0,0.0
train,8,6,3,6,6,1,3,3,1,0,0.0
train,15,13,6,13,13,1,7,7,1,0,0.0
train,50,48,43,48,48,1,9,5,1,0,0.0
train,19,17,13,17,17,1,4,4,1,0,0.0
train,9,7,5,7,7,1,2,2,1,0,0.0
train,17,15,10,15,15,1,5,5,1,0,0.0
train,8,6,4,6,6,1,2,2,1,0,0.0
train,16,14,11,14,14,1,3,3,1,0,0.0
train,14,12,10,12,12,1,2,2,1,0,0.0
train,3,1,1,1,1,1,0,0,1,0,0.0
train,9,7,7,7,7,1,0,0,1,0,0.0
train,18,16,15,16,16,1,1,1,1,0,0.0
train,37,35,26,35,35,1,9,9,1,0,0.0
train,35,33,22,33,33,1,11,11,1,0,0.0
train,16,14,12,14,14,1,2,2,1,0,0.0
train,12,10,9,10,10,1,1,1,1,0,0.0
train,35,33,27,33,33,1,6,6,1,0,0.0
train,15,13,12,13,13,1,1,1,1,0,0.0
train,50,48,45,48,48,1,15,3,1,0,0.0
train,15,13,8,13,8,1,5,5,0,0,0.0
train,49,47,43,47,47,1,4,4,1,0,0.0
train,8,6,4,6,6,1,2,2,1,0,0.0
train,32,30,23,30,30,1,7,7,1,0,0.0
train,41,39,29,39,39,1,10,10,1,0,0.0
train,33,31,28,31,31,1,3,3,1,0,0.0
train,22,20,18,20,20,1,2,2,1,0,0.0
train,50,48,42,48,48,1,8,6,1,0,0.0
train,14,12,12,12,12,1,0,0,1,0,0.0
train,21,19,16,19,19,1,3,3,1,0,0.0
train,16,14,10,14,14,1,4,4,1,0,0.0
train,50,48,43,48,48,1,14,5,1,0,0.0
train,20,18,16,18,18,1,2,2,1,0,0.0
train,29,27,16,27,27,1,11,11,1,0,0.0
train,8,6,6,6,6,1,0,0,1,0,0.0
train,50,48,23,48,48,1,25,25,1,0,0.0
train,15,13,10,13,13,1,3,3,1,0,0.0
train,50,48,242,48,48,1,13,0,1,1,0.8016528925619835
train,27,25,19,25,20,1,6,6,0,0,0.0
train,8,6,6,6,6,1,0,0,1,0,0.0
train,19,17,15,17,0,1,2,2,0,0,0.0
train,15,13,11,13,10,1,2,2,0,0,0.0
train,17,15,12,15,15,1,3,3,1,0,0.0
train,9,7,5,7,7,1,2,2,1,0,0.0
train,12,10,10,10,10,1,0,0,1,0,0.0
train,17,15,10,15,15,1,5,5,1,0,0.0
train,24,22,15,22,22,1,7,7,1,0,0.0
train,25,23,20,23,23,1,3,3,1,0,0.0
train,14,12,8,12,12,1,4,4,1,0,0.0
train,20,18,14,18,18,1,4,4,1,0,0.0
train,16,14,9,14,14,1,5,5,1,0,0.0
train,12,10,6,10,10,1,4,4,1,0,0.0
train,16,14,12,14,14,1,2,2,1,0,0.0
train,50,48,41,48,48,1,9,7,1,0,0.0
train,17,15,11,15,15,1,4,4,1,0,0.0
train,27,25,20,25,25,1,5,5,1,0,0.0
train,14,12,11,12,7,1,1,1,0,0,0.0
train,15,13,8,13,13,1,5,5,1,0,0.0
train,20,18,14,18,16,1,4,4,0,0,0.0
train,10,8,6,8,8,1,2,2,1,0,0.0
train,14,12,12,12,12,1,0,0,1,0,0.0
train,17,15,14,15,15,1,1,1,1,0,0.0
train,11,9,9,9,9,1,0,0,1,0,0.0
train,30,28,21,28,28,1,7,7,1,0,0.0
train,28,26,26,26,26,1,0,0,1,0,0.0
train,7,5,5,5,5,1,0,0,1,0,0.0
train,25,23,19,23,23,1,4,4,1,0,0.0
train,8,6,4,6,6,1,2,2,1,0,0.0
train,7,5,3,5,5,1,2,2,1,0,0.0
train,14,12,8,12,12,1,4,4,1,0,0.0
train,8,6,4,6,6,1,2,2,1,0,0.0
train,19,17,15,17,17,1,2,2,1,0,0.0
train,34,32,22,32,32,1,10,10,1,0,0.0
train,15,13,12,13,13,1,1,1,1,0,0.0
train,5,3,3,3,3,1,0,0,1,0,0.0
train,14,12,9,12,12,1,3,3,1,0,0.0
train,25,23,19,23,23,1,4,4,1,0,0.0
train,41,39,31,39,39,1,8,8,1,0,0.0
train,13,11,11,11,9,1,0,0,0,0,0.0
train,22,20,15,20,20,1,5,5,1,0,0.0
train,10,8,8,8,8,1,0,0,1,0,0.0
train,9,7,3,7,7,1,4,4,1,0,0.0
train,15,13,10,13,13,1,3,3,1,0,0.0
train,42,40,28,40,40,1,12,12,1,0,0.0
train,22,20,15,20,20,1,5,5,1,0,0.0
train,33,31,28,31,31,1,3,3,1,0,0.0
train,11,9,7,9,9,1,2,2,1,0,0.0
train,25,23,17,23,23,1,6,6,1,0,0.0
train,27,25,23,25,25,1,2,2,1,0,0.0
train,28,26,21,26,14,1,5,5,0,0,0.0
train,13,11,9,11,11,1,2,2,1,0,0.0
train,36,34,29,34,34,1,5,5,1,0,0.0
train,23,21,15,21,21,1,6,6,1,0,0.0
train,16,14,14,14,14,1,0,0,1,0,0.0
train,12,10,6,10,10,1,4,4,1,0,0.0
train,48,46,42,46,46,1,4,4,1,0,0.0
train,10,8,6,8,8,1,2,2,1,0,0.0
train,6,4,4,4,4,1,0,0,1,0,0.0
train,21,19,16,19,19,1,3,3,1,0,0.0
train,10,8,6,8,8,1,2,2,1,0,0.0
train,19,17,14,17,17,1,3,3,1,0,0.0
train,21,19,11,19,19,1,8,8,1,0,0.0
train,10,8,5,8,8,1,3,3,1,0,0.0
train,27,25,18,25,21,1,7,7,0,0,0.0
train,25,23,16,23,23,1,7,7,1,0,0.0
train,14,12,9,12,12,1,3,3,1,0,0.0
train,6,4,4,4,4,1,0,0,1,0,0.0
train,17,15,15,15,15,1,0,0,1,0,0.0
train,12,10,8,10,10,1,2,2,1,0,0.0
train,18,16,15,16,16,1,1,1,1,0,0.0
train,21,19,15,19,19,1,4,4,1,0,0.0
train,10,8,6,8,8,1,2,2,1,0,0.0
train,41,39,29,39,39,1,10,10,1,0,0.0
train,19,17,14,17,17,1,3,3,1,0,0.0
train,12,10,9,10,10,1,1,1,1,0,0.0
train,8,6,5,6,6,1,1,1,1,0,0.0
train,14,12,12,12,12,1,0,0,1,0,0.0
train,15,13,11,13,9,1,2,2,0,0,0.0
train,36,34,29,34,34,1,5,5,1,0,0.0
train,7,5,5,5,0,1,0,0,0,0,0.0
train,8,6,6,6,6,1,0,0,1,0,0.0
train,21,19,17,19,19,1,2,2,1,0,0.0
train,18,16,14,16,16,1,2,2,1,0,0.0
train,27,25,24,25,25,1,1,1,1,0,0.0
train,7,5,5,5,5,1,0,0,1,0,0.0
train,29,27,24,27,27,1,3,3,1,0,0.0
train,24,22,21,22,22,1,1,1,1,0,0.0
train,19,17,14,17,17,1,3,3,1,0,0.0
train,50,48,57,48,47,1,4,0,0,1,0.1578947368421053
train,24,22,16,22,22,1,6,6,1,0,0.0
train,31,29,25,29,29,1,4,4,1,0,0.0
train,40,38,33,38,38,1,5,5,1,0,0.0
train,19,17,15,17,17,1,2,2,1,0,0.0
train,23,21,20,21,21,1,1,1,1,0,0.0
train,24,22,18,22,22,1,4,4,1,0,0.0
train,43,41,38,41,41,1,3,3,1,0,0.0
train,11,9,9,9,9,1,0,0,1,0,0.0
train,16,14,12,14,14,1,2,2,1,0,0.0
train,21,19,18,19,19,1,1,1,1,0,0.0
train,24,22,19,22,22,1,3,3,1,0,0.0
train,23,21,17,21,21,1,4,4,1,0,0.0
train,41,39,35,39,39,1,4,4,1,0,0.0
train,31,29,25,29,29,1,4,4,1,0,0.0
train,23,21,19,21,21,1,2,2,1,0,0.0
train,27,25,24,25,25,1,1,1,1,0,0.0
train,14,12,10,12,12,1,2,2,1,0,0.0
train,20,18,18,18,18,1,0,0,1,0,0.0
train,10,8,7,8,8,1,1,1,1,0,0.0
train,20,18,15,18,16,1,3,3,0,0,0.0
train,17,15,15,15,10,1,0,0,0,0,0.0
train,20,18,12,18,18,1,6,6,1,0,0.0
train,50,48,64,48,48,1,10,0,1,1,0.25
train,50,48,55,48,48,1,6,0,1,1,0.12727272727272732
train,28,26,15,26,26,1,11,11,1,0,0.0
train,19,17,15,17,17,1,2,2,1,0,0.0
train,23,21,19,21,21,1,2,2,1,0,0.0
train,3,1,1,1,1,1,0,0,1,0,0.0
train,30,28,20,28,28,1,8,8,1,0,0.0
train,19,17,14,17,17,1,3,3,1,0,0.0
train,50,48,52,48,48,1,1,0,1,1,0.07692307692307687
train,13,11,8,11,11,1,3,3,1,0,0.0
train,17,15,11,15,15,1,4,4,1,0,0.0
train,8,6,6,6,6,1,0,0,1,0,0.0
train,4,2,2,2,2,1,0,0,1,0,0.0
train,37,35,28,35,35,1,7,7,1,0,0.0
train,49,47,38,47,47,1,9,9,1,0,0.0
train,46,44,28,44,44,1,16,16,1,0,0.0
train,23,21,12,21,21,1,9,9,1,0,0.0
train,11,9,8,9,0,1,1,1,0,0,0.0
train,41,39,26,39,39,1,13,13,1,0,0.0
train,37,35,29,35,35,1,6,6,1,0,0.0
train,12,10,8,10,10,1,2,2,1,0,0.0
train,21,19,10,19,19,1,9,9,1,0,0.0
train,31,29,25,29,29,1,4,4,1,0,0.0
train,26,24,23,24,1,1,1,1,0,0,0.0
train,8,6,6,6,6,1,0,0,1,0,0.0
train,27,25,21,25,14,1,4,4,0,0,0.0
train,16,14,13,14,14,1,1,1,1,0,0.0
train,17,15,15,15,15,1,0,0,1,0,0.0
train,23,21,19,21,21,1,2,2,1,0,0.0
train,11,9,9,9,9,1,0,0,1,0,0.0
train,18,16,16,16,16,1,0,0,1,0,0.0
train,12,10,10,10,10,1,0,0,1,0,0.0
train,7,5,5,5,5,1,0,0,1,0,0.0
train,9,7,5,7,7,1,2,2,1,0,0.0
train,11,9,8,9,9,1,1,1,1,0,0.0
train,13,11,10,11,11,1,1,1,1,0,0.0
train,8,6,5,6,6,1,1,1,1,0,0.0
train,47,45,37,45,45,1,8,8,1,0,0.0
train,3,1,1,1,1,1,0,0,1,0,0.0
train,43,41,33,41,25,1,8,8,0,0,0.0
train,42,40,29,40,40,1,11,11,1,0,0.0
train,48,46,38,46,46,1,8,8,1,0,0.0
train,29,27,23,27,27,1,4,4,1,0,0.0
train,21,19,16,19,19,1,3,3,1,0,0.0
train,50,48,63,48,48,1,10,0,1,1,0.23809523809523814
train,12,10,10,10,10,1,0,0,1,0,0.0
train,17,15,13,15,15,1,2,2,1,0,0.0
train,50,48,42,48,48,1,14,6,1,0,0.0
train,50,48,45,48,48,1,21,3,1,0,0.0
train,35,33,17,33,33,1,16,16,1,0,0.0
train,29,27,22,27,27,1,5,5,1,0,0.0
train,33,31,22,31,31,1,9,9,1,0,0.0
train,33,31,25,31,29,1,6,6,0,0,0.0
train,25,23,14,23,23,1,9,9,1,0,0.0
train,50,48,33,48,48,1,22,15,1,0,0.0
train,50,48,63,48,48,1,13,0,1,1,0.23809523809523814
train,30,28,23,28,28,1,5,5,1,0,0.0
train,27,25,18,25,25,1,7,7,1,0,0.0
train,19,17,13,17,17,1,4,4,1,0,0.0
train,25,23,16,23,23,1,7,7,1,0,0.0
train,46,44,32,44,44,1,12,12,1,0,0.0
train,33,31,26,31,31,1,5,5,1,0,0.0
train,29,27,23,27,27,1,4,4,1,0,0.0
train,7,5,5,5,5,1,0,0,1,0,0.0
train,11,9,8,9,9,1,1,1,1,0,0.0
train,44,42,36,42,42,1,6,6,1,0,0.0
train,9,7,7,7,7,1,0,0,1,0,0.0
train,15,13,7,13,13,1,6,6,1,0,0.0
train,8,6,6,6,6,1,0,0,1,0,0.0
train,11,9,9,9,9,1,0,0,1,0,0.0
train,45,43,37,43,43,1,6,6,1,0,0.0
train,19,17,17,17,17,1,0,0,1,0,0.0
train,14,12,12,12,12,1,0,0,1,0,0.0
train,29,27,24,27,27,1,3,3,1,0,0.0
train,28,26,22,26,26,1,4,4,1,0,0.0
train,28,26,25,26,26,1,1,1,1,0,0.0
train,37,35,24,35,35,1,11,11,1,0,0.0
train,18,16,12,16,16,1,4,4,1,0,0.0
train,12,10,10,10,0,1,0,0,0,0,0.0
train,34,32,24,32,32,1,8,8,1,0,0.0
train,35,33,24,33,33,1,9,9,1,0,0.0
train,49,47,37,47,47,1,10,10,1,0,0.0
train,16,14,13,14,14,1,1,1,1,0,0.0
train,26,24,23,24,24,1,1,1,1,0,0.0
train,23,21,19,21,21,1,2,2,1,0,0.0
train,24,22,18,22,22,1,4,4,1,0,0.0
train,24,22,20,22,22,1,2,2,1,0,0.0
train,31,29,26,29,29,1,3,3,1,0,0.0
train,31,29,23,29,29,1,6,6,1,0,0.0
train,28,26,25,9,7,0,1,1,0,0,0.0
train,28,26,23,17,9,0,1,3,0,0,0.0
train,45,43,40,43,36,1,3,3,0,0,0.0
train,48,46,44,46,46,1,2,2,1,0,0.0
train,50,48,39,48,48,1,9,9,1,0,0.0
train,44,42,37,42,42,1,5,5,1,0,0.0
train,18,16,13,16,16,1,3,3,1,0,0.0
train,23,21,17,21,0,1,4,4,0,0,0.0
train,50,48,39,48,48,1,13,9,1,0,0.0
train,30,28,23,28,28,1,5,5,1,0,0.0
train,26,24,21,24,24,1,3,3,1,0,0.0
train,33,31,23,31,31,1,8,8,1,0,0.0
train,23,21,14,21,21,1,7,7,1,0,0.0
train,50,48,43,48,48,1,8,5,1,0,0.0
train,26,24,19,24,24,1,5,5,1,0,0.0
train,24,22,19,22,22,1,3,3,1,0,0.0
train,14,12,11,12,12,1,1,1,1,0,0.0
train,20,18,17,18,18,1,1,1,1,0,0.0
train,22,20,19,20,20,1,1,1,1,0,0.0
train,24,22,14,22,22,1,8,8,1,0,0.0
train,21,19,13,19,19,1,6,6,1,0,0.0
train,50,48,46,48,48,1,16,2,1,0,0.0
train,6,4,4,4,4,1,0,0,1,0,0.0
train,28,26,18,26,26,1,8,8,1,0,0.0
train,40,38,37,38,35,1,1,1,0,0,0.0
train,50,48,49,48,48,1,8,0,1,0,0.0
train,18,16,14,16,16,1,2,2,1,0,0.0
train,36,34,20,34,34,1,14,14,1,0,0.0
train,15,13,9,13,13,1,4,4,1,0,0.0
train,31,29,18,29,29,1,11,11,1,0,0.0
train,17,15,13,15,15,1,2,2,1,0,0.0
train,26,24,20,24,18,1,4,4,0,0,0.0
train,4,2,2,2,2,1,0,0,1,0,0.0
train,50,48,52,48,44,1,20,0,0,1,0.07692307692307687
train,12,10,8,10,0,1,2,2,0,0,0.0
train,50,48,37,48,48,1,15,11,1,0,0.0
train,20,18,13,18,0,1,5,5,0,0,0.0
train,24,22,16,22,22,1,6,6,1,0,0.0
train,38,36,26,36,36,1,10,10,1,0,0.0
train,50,48,67,48,48,1,21,0,1,1,0.28358208955223885
train,44,42,32,42,42,1,10,10,1,0,0.0
train,25,23,14,23,23,1,9,9,1,0,0.0
train,42,40,32,40,40,1,8,8,1,0,0.0
train,26,24,19,24,24,1,5,5,1,0,0.0
train,12,10,10,10,10,1,0,0,1,0,0.0
train,50,48,53,48,17,1,7,0,0,1,0.09433962264150941
train,14,12,5,12,12,1,7,7,1,0,0.0
train,15,13,11,13,0,1,2,2,0,0,0.0
train,11,9,9,9,9,1,0,0,1,0,0.0
train,38,36,21,36,36,1,15,15,1,0,0.0
train,18,16,9,16,16,1,7,7,1,0,0.0
train,35,33,21,33,33,1,12,12,1,0,0.0
train,31,29,21,29,7,1,8,8,0,0,0.0
train,15,13,11,13,13,1,2,2,1,0,0.0
train,11,9,5,9,0,1,4,4,0,0,0.0
train,44,42,28,42,42,1,14,14,1,0,0.0
train,38,36,29,36,36,1,7,7,1,0,0.0
train,15,13,7,13,13,1,6,6,1,0,0.0
train,21,19,15,19,19,1,4,4,1,0,0.0
train,33,31,23,31,31,1,8,8,1,0,0.0
train,26,24,23,24,24,1,1,1,1,0,0.0
train,18,16,13,16,16,1,3,3,1,0,0.0
train,20,18,16,18,18,1,2,2,1,0,0.0
train,36,34,27,34,34,1,7,7,1,0,0.0
train,22,20,13,20,20,1,7,7,1,0,0.0
train,19,17,11,17,10,1,6,6,0,0,0.0
train,32,30,18,30,30,1,12,12,1,0,0.0
train,27,25,24,25,25,1,1,1,1,0,0.0
train,26,24,23,24,24,1,1,1,1,0,0.0
train,23,21,18,21,21,1,3,3,1,0,0.0
train,27,25,23,25,25,1,2,2,1,0,0.0
train,18,16,14,16,16,1,2,2,1,0,0.0
train,14,12,11,12,12,1,1,1,1,0,0.0
train,16,14,13,14,14,1,1,1,1,0,0.0
train,25,23,21,23,23,1,2,2,1,0,0.0
train,50,48,49,48,48,1,14,0,1,0,0.0
train,14,12,11,12,12,1,1,1,1,0,0.0
train,18,16,13,16,16,1,3,3,1,0,0.0
train,11,9,6,9,9,1,3,3,1,0,0.0
train,20,18,18,18,18,1,0,0,1,0,0.0
train,19,17,16,17,17,1,1,1,1,0,0.0
train,19,17,15,17,17,1,2,2,1,0,0.0
train,29,27,26,27,27,1,1,1,1,0,0.0
train,11,9,7,9,9,1,2,2,1,0,0.0
train,13,11,11,11,11,1,0,0,1,0,0.0
train,23,21,16,21,21,1,5,5,1,0,0.0
train,9,7,5,7,7,1,2,2,1,0,0.0
train,24,22,21,22,22,1,1,1,1,0,0.0
train,16,14,11,14,14,1,3,3,1,0,0.0
train,11,9,8,9,9,1,1,1,1,0,0.0
train,10,8,6,8,8,1,2,2,1,0,0.0
train,21,19,16,19,19,1,3,3,1,0,0.0
train,20,18,17,18,18,1,1,1,1,0,0.0
train,50,48,54,48,48,1,5,0,1,1,0.11111111111111116
train,40,38,31,38,38,1,7,7,1,0,0.0
train,26,24,23,24,4,1,1,1,0,0,0.0
train,34,32,19,32,32,1,13,13,1,0,0.0
train,36,34,27,34,34,1,7,7,1,0,0.0
train,20,18,13,18,18,1,5,5,1,0,0.0
train,14,12,11,12,12,1,1,1,1,0,0.0
train,30,28,27,28,28,1,1,1,1,0,0.0
train,16,14,13,14,14,1,1,1,1,0,0.0
train,23,21,20,21,21,1,1,1,1,0,0.0
train,31,29,22,29,29,1,7,7,1,0,0.0
train,28,26,23,26,26,1,3,3,1,0,0.0
train,17,15,11,15,15,1,4,4,1,0,0.0
train,32,30,27,30,30,1,3,3,1,0,0.0
train,17,15,15,15,15,1,0,0,1,0,0.0
train,24,22,16,22,3,1,6,6,0,0,0.0
train,24,22,19,22,22,1,3,3,1,0,0.0
train,8,6,6,6,6,1,0,0,1,0,0.0
train,50,48,33,48,42,1,20,15,0,0,0.0
train,20,18,15,18,18,1,3,3,1,0,0.0
train,3,1,1,1,1,1,0,0,1,0,0.0
train,13,11,6,11,11,1,5,5,1,0,0.0
train,8,6,6,6,6,1,0,0,1,0,0.0
train,22,20,11,20,20,1,9,9,1,0,0.0
train,28,26,16,26,26,1,10,10,1,0,0.0
train,5,3,3,3,3,1,0,0,1,0,0.0
train,39,37,34,37,37,1,3,3,1,0,0.0
train,17,15,9,15,15,1,6,6,1,0,0.0
train,18,16,14,16,16,1,2,2,1,0,0.0
train,50,48,61,48,48,1,17,0,1,1,0.21311475409836067
train,17,15,11,15,15,1,4,4,1,0,0.0
train,32,30,23,30,25,1,7,7,0,0,0.0
train,20,18,12,18,18,1,6,6,1,0,0.0
train,50,48,39,48,48,1,10,9,1,0,0.0
train,31,29,23,29,29,1,6,6,1,0,0.0
train,22,20,17,20,20,1,3,3,1,0,0.0
train,6,4,4,4,4,1,0,0,1,0,0.0
train,33,31,18,31,28,1,13,13,0,0,0.0
train,11,9,9,9,9,1,0,0,1,0,0.0
train,22,20,19,20,20,1,1,1,1,0,0.0
train,13,11,9,11,11,1,2,2,1,0,0.0
train,10,8,8,8,8,1,0,0,1,0,0.0
train,14,12,12,12,5,1,0,0,0,0,0.0
train,9,7,7,7,7,1,0,0,1,0,0.0
train,31,29,19,29,29,1,10,10,1,0,0.0
train,21,19,18,19,19,1,1,1,1,0,0.0
train,28,26,20,26,26,1,6,6,1,0,0.0
train,29,27,25,27,27,1,2,2,1,0,0.0
train,16,14,14,14,14,1,0,0,1,0,0.0
train,49,47,35,47,47,1,12,12,1,0,0.0
train,50,48,52,48,48,1,11,0,1,1,0.07692307692307687
train,29,27,23,27,27,1,4,4,1,0,0.0
train,34,32,28,32,32,1,4,4,1,0,0.0
train,36,34,27,34,32,1,7,7,0,0,0.0
train,40,38,30,38,38,1,8,8,1,0,0.0
train,31,29,23,29,0,1,6,6,0,0,0.0
train,23,21,18,21,15,1,3,3,0,0,0.0
train,29,27,24,27,0,1,3,3,0,0,0.0
train,20,18,15,18,13,1,3,3,0,0,0.0
train,17,15,14,15,0,1,1,1,0,0,0.0
train,20,18,17,18,0,1,1,1,0,0,0.0
train,20,18,16,18,18,1,2,2,1,0,0.0
train,20,18,15,18,18,1,3,3,1,0,0.0
train,22,20,14,20,20,1,6,6,1,0,0.0
train,30,28,24,28,28,1,4,4,1,0,0.0
train,19,17,13,17,17,1,4,4,1,0,0.0
train,25,23,19,23,23,1,4,4,1,0,0.0
train,24,22,19,22,22,1,3,3,1,0,0.0
train,22,20,16,20,20,1,4,4,1,0,0.0
train,17,15,14,15,15,1,1,1,1,0,0.0
train,25,23,16,23,23,1,7,7,1,0,0.0
train,26,24,21,24,24,1,3,3,1,0,0.0
train,27,25,21,25,25,1,4,4,1,0,0.0
train,28,26,21,26,26,1,5,5,1,0,0.0
train,17,15,14,15,15,1,1,1,1,0,0.0
train,42,40,32,40,40,1,8,8,1,0,0.0
train,16,14,10,14,14,1,4,4,1,0,0.0
train,24,22,17,22,1,1,5,5,0,0,0.0
train,23,21,14,21,21,1,7,7,1,0,0.0
train,13,11,11,11,4,1,0,0,0,0,0.0
train,18,16,13,16,16,1,3,3,1,0,0.0
train,27,25,24,25,25,1,1,1,1,0,0.0
train,26,24,22,24,24,1,2,2,1,0,0.0
train,30,28,25,28,28,1,3,3,1,0,0.0
train,43,41,37,41,41,1,4,4,1,0,0.0
train,28,26,25,26,26,1,1,1,1,0,0.0
train,21,19,18,19,14,1,1,1,0,0,0.0
train,37,35,26,35,35,1,9,9,1,0,0.0
train,32,30,22,30,30,1,8,8,1,0,0.0
train,8,6,5,6,6,1,1,1,1,0,0.0
train,35,33,25,33,33,1,8,8,1,0,0.0
train,22,20,19,20,20,1,1,1,1,0,0.0
train,17,15,13,15,15,1,2,2,1,0,0.0
train,21,19,17,19,16,1,2,2,0,0,0.0
train,31,29,18,29,29,1,11,11,1,0,0.0
train,22,20,17,20,20,1,3,3,1,0,0.0
train,15,13,9,13,13,1,4,4,1,0,0.0
train,23,21,16,21,21,1,5,5,1,0,0.0
train,21,19,17,19,19,1,2,2,1,0,0.0
train,22,20,13,20,20,1,7,7,1,0,0.0
train,25,23,22,23,23,1,1,1,1,0,0.0
train,13,11,11,11,0,1,0,0,0,0,0.0
train,9,7,5,7,7,1,2,2,1,0,0.0
train,8,6,6,6,6,1,0,0,1,0,0.0
train,17,15,14,15,15,1,1,1,1,0,0.0
train,8,6,5,6,6,1,1,1,1,0,0.0
train,9,7,6,7,7,1,1,1,1,0,0.0
train,17,15,8,15,15,1,7,7,1,0,0.0
train,9,7,7,7,7,1,0,0,1,0,0.0
train,18,16,11,16,16,1,5,5,1,0,0.0
train,43,41,35,41,41,1,6,6,1,0,0.0
train,50,48,101,48,48,1,18,0,1,1,0.5247524752475248
train,35,33,28,33,33,1,5,5,1,0,0.0
train,13,11,6,11,0,1,5,5,0,0,0.0
train,25,23,17,23,23,1,6,6,1,0,0.0
train,15,13,8,13,13,1,5,5,1,0,0.0
train,17,15,13,15,15,1,2,2,1,0,0.0
train,15,13,9,13,13,1,4,4,1,0,0.0
train,16,14,11,14,14,1,3,3,1,0,0.0
train,22,20,10,20,20,1,10,10,1,0,0.0
train,17,15,15,15,15,1,0,0,1,0,0.0
train,10,8,6,8,0,1,2,2,0,0,0.0
train,13,11,8,11,11,1,3,3,1,0,0.0
train,13,11,10,11,9,1,1,1,0,0,0.0
train,3,1,1,1,1,1,0,0,1,0,0.0
train,5,3,3,3,3,1,0,0,1,0,0.0
train,20,18,13,18,18,1,5,5,1,0,0.0
train,33,31,30,31,25,1,1,1,0,0,0.0
train,19,17,10,17,17,1,7,7,1,0,0.0
train,8,6,6,6,6,1,0,0,1,0,0.0
train,13,11,11,11,5,1,0,0,0,0,0.0
train,10,8,8,8,0,1,0,0,0,0,0.0
train,50,48,41,48,33,1,12,7,0,0,0.0
train,18,16,10,16,16,1,6,6,1,0,0.0
train,49,47,35,47,22,1,12,12,0,0,0.0
train,10,8,6,8,8,1,2,2,1,0,0.0
train,46,44,32,44,44,1,12,12,1,0,0.0
train,22,20,17,20,20,1,3,3,1,0,0.0
train,21,19,14,19,19,1,5,5,1,0,0.0
train,12,10,8,10,10,1,2,2,1,0,0.0
train,30,28,23,28,28,1,5,5,1,0,0.0
train,48,46,39,46,46,1,7,7,1,0,0.0
train,22,20,12,20,20,1,8,8,1,0,0.0
train,34,32,22,32,32,1,10,10,1,0,0.0
train,36,34,24,34,34,1,10,10,1,0,0.0
train,29,27,22,27,27,1,5,5,1,0,0.0
train,17,15,14,15,15,1,1,1,1,0,0.0
train,29,27,19,27,27,1,8,8,1,0,0.0
train,18,16,15,16,16,1,1,1,1,0,0.0
train,21,19,16,19,19,1,3,3,1,0,0.0
train,18,16,11,16,16,1,5,5,1,0,0.0
train,26,24,17,24,24,1,7,7,1,0,0.0
train,20,18,13,18,5,1,5,5,0,0,0.0
train,13,11,6,11,11,1,5,5,1,0,0.0
train,8,6,4,6,6,1,2,2,1,0,0.0
train,27,25,16,25,25,1,9,9,1,0,0.0
train,15,13,11,13,13,1,2,2,1,0,0.0
train,22,20,12,20,20,1,8,8,1,0,0.0
train,27,25,19,25,25,1,6,6,1,0,0.0
train,26,24,21,24,24,1,3,3,1,0,0.0
train,28,26,25,26,26,1,1,1,1,0,0.0
train,15,13,12,13,13,1,1,1,1,0,0.0
train,42,40,38,40,39,1,2,2,0,0,0.0
train,50,48,63,48,43,1,7,0,0,1,0.23809523809523814
train,15,13,9,13,13,1,4,4,1,0,0.0
train,24,22,20,22,22,1,2,2,1,0,0.0
train,17,15,14,15,15,1,1,1,1,0,0.0
train,12,10,10,10,10,1,0,0,1,0,0.0
train,37,35,33,35,35,1,2,2,1,0,0.0
train,34,32,25,32,32,1,7,7,1,0,0.0
train,22,20,13,20,20,1,7,7,1,0,0.0
train,17,15,14,15,15,1,1,1,1,0,0.0
train,8,6,4,6,6,1,2,2,1,0,0.0
train,6,4,4,4,4,1,0,0,1,0,0.0
train,16,14,14,14,14,1,0,0,1,0,0.0
train,10,8,8,8,8,1,0,0,1,0,0.0
train,30,28,21,28,28,1,7,7,1,0,0.0
train,23,21,16,21,21,1,5,5,1,0,0.0
train,25,23,19,23,23,1,4,4,1,0,0.0
train,23,21,19,21,0,1,2,2,0,0,0.0
train,14,12,11,12,12,1,1,1,1,0,0.0
train,26,24,21,24,0,1,3,3,0,0,0.0
train,19,17,15,17,17,1,2,2,1,0,0.0
train,10,8,8,8,8,1,0,0,1,0,0.0
train,28,26,23,26,26,1,3,3,1,0,0.0
train,20,18,14,18,18,1,4,4,1,0,0.0
train,17,15,13,15,15,1,2,2,1,0,0.0
train,50,48,44,48,48,1,6,4,1,0,0.0
train,45,43,36,43,43,1,7,7,1,0,0.0
train,50,48,38,48,48,1,12,10,1,0,0.0
train,13,11,9,11,11,1,2,2,1,0,0.0
train,12,10,9,10,10,1,1,1,1,0,0.0
train,21,19,17,19,19,1,2,2,1,0,0.0
train,19,17,16,17,17,1,1,1,1,0,0.0
train,3,1,1,1,1,1,0,0,1,0,0.0
train,13,11,7,11,11,1,4,4,1,0,0.0
train,11,9,6,9,9,1,3,3,1,0,0.0
train,5,3,3,3,3,1,0,0,1,0,0.0
train,30,28,15,28,28,1,13,13,1,0,0.0
train,9,7,4,7,7,1,3,3,1,0,0.0
train,14,12,12,12,12,1,0,0,1,0,0.0
train,33,31,22,31,31,1,9,9,1,0,0.0
train,17,15,13,15,13,1,2,2,0,0,0.0
train,11,9,6,9,9,1,3,3,1,0,0.0
train,18,16,10,16,0,1,6,6,0,0,0.0
train,19,17,12,17,17,1,5,5,1,0,0.0
train,25,23,14,23,23,1,9,9,1,0,0.0
train,7,5,5,5,5,1,0,0,1,0,0.0
train,12,10,8,10,10,1,2,2,1,0,0.0
train,34,32,24,32,32,1,8,8,1,0,0.0
train,9,7,7,7,7,1,0,0,1,0,0.0
train,21,19,15,19,19,1,4,4,1,0,0.0
train,10,8,6,8,1,1,2,2,0,0,0.0
train,50,48,47,48,20,1,9,1,0,0,0.0
train,50,48,43,48,48,1,8,5,1,0,0.0
train,17,15,13,15,15,1,2,2,1,0,0.0
train,16,14,10,14,14,1,4,4,1,0,0.0
train,38,36,29,36,36,1,7,7,1,0,0.0
train,31,29,19,29,29,1,10,10,1,0,0.0
train,8,6,6,6,6,1,0,0,1,0,0.0
train,22,20,20,20,20,1,0,0,1,0,0.0
train,12,10,8,10,10,1,2,2,1,0,0.0
train,27,25,23,25,25,1,2,2,1,0,0.0
train,20,18,16,18,18,1,2,2,1,0,0.0
train,25,23,17,23,23,1,6,6,1,0,0.0
train,19,17,13,17,17,1,4,4,1,0,0.0
train,6,4,2,4,4,1,2,2,1,0,0.0
train,16,14,12,14,14,1,2,2,1,0,0.0
train,6,4,2,4,4,1,2,2,1,0,0.0
train,47,45,31,45,45,1,14,14,1,0,0.0
train,16,14,11,14,14,1,3,3,1,0,0.0
train,41,39,36,39,39,1,3,3,1,0,0.0
train,31,29,21,29,29,1,8,8,1,0,0.0
train,36,34,25,34,34,1,9,9,1,0,0.0
train,20,18,15,18,18,1,3,3,1,0,0.0
train,11,9,6,9,9,1,3,3,1,0,0.0
train,6,4,2,4,4,1,2,2,1,0,0.0
train,16,14,9,14,14,1,5,5,1,0,0.0
train,14,12,7,12,12,1,5,5,1,0,0.0
train,38,36,27,36,36,1,9,9,1,0,0.0
train,8,6,6,6,6,1,0,0,1,0,0.0
train,6,4,4,4,4,1,0,0,1,0,0.0
train,16,14,8,14,14,1,6,6,1,0,0.0
train,34,32,23,32,32,1,9,9,1,0,0.0
train,13,11,8,11,11,1,3,3,1,0,0.0
train,15,13,11,13,13,1,2,2,1,0,0.0
train,22,20,12,20,20,1,8,8,1,0,0.0
train,32,30,23,30,30,1,7,7,1,0,0.0
train,50,48,83,48,45,1,13,0,0,1,0.42168674698795183
train,17,15,11,15,15,1,4,4,1,0,0.0
train,29,27,17,27,27,1,10,10,1,0,0.0
train,50,48,32,48,41,1,18,16,0,0,0.0
train,22,20,13,20,20,1,7,7,1,0,0.0
train,35,33,27,33,33,1,6,6,1,0,0.0
train,23,21,18,21,21,1,3,3,1,0,0.0
train,27,25,24,25,25,1,1,1,1,0,0.0
train,26,24,20,24,24,1,4,4,1,0,0.0
train,18,16,15,16,16,1,1,1,1,0,0.0
train,21,19,16,19,19,1,3,3,1,0,0.0
train,25,23,20,23,23,1,3,3,1,0,0.0
train,24,22,21,22,22,1,1,1,1,0,0.0
train,18,16,13,16,16,1,3,3,1,0,0.0
train,25,23,19,23,18,1,4,4,0,0,0.0
train,26,24,14,24,24,1,10,10,1,0,0.0
train,47,45,40,45,45,1,5,5,1,0,0.0
train,35,33,30,33,33,1,3,3,1,0,0.0
train,20,18,16,18,18,1,2,2,1,0,0.0
train,40,38,36,38,38,1,2,2,1,0,0.0
train,50,48,42,48,48,1,18,6,1,0,0.0
train,21,19,18,19,19,1,1,1,1,0,0.0
train,14,12,11,12,12,1,1,1,1,0,0.0
train,17,15,10,15,15,1,5,5,1,0,0.0
train,10,8,6,8,8,1,2,2,1,0,0.0
train,14,12,8,12,12,1,4,4,1,0,0.0
train,9,7,7,7,7,1,0,0,1,0,0.0
train,22,20,16,20,20,1,4,4,1,0,0.0
train,11,9,7,9,0,1,2,2,0,0,0.0
train,20,18,16,18,0,1,2,2,0,0,0.0
train,50,48,46,48,48,1,10,2,1,0,0.0
train,21,19,16,19,9,1,3,3,0,0,0.0
train,10,8,8,8,8,1,0,0,1,0,0.0
train,40,38,35,38,38,1,3,3,1,0,0.0
train,17,15,15,15,15,1,0,0,1,0,0.0
train,33,31,29,31,31,1,2,2,1,0,0.0
train,29,27,22,27,27,1,5,5,1,0,0.0
train,41,39,39,39,39,1,0,0,1,0,0.0
train,26,24,21,24,20,1,3,3,0,0,0.0
train,11,9,7,9,9,1,2,2,1,0,0.0
train,50,48,39,48,48,1,10,9,1,0,0.0
train,9,7,6,7,7,1,1,1,1,0,0.0
train,50,48,56,48,48,1,8,0,1,1,0.1428571428571429
train,16,14,6,14,14,1,8,8,1,0,0.0
train,48,46,33,46,46,1,13,13,1,0,0.0
train,50,48,67,48,48,1,17,0,1,1,0.28358208955223885
train,11,9,7,9,9,1,2,2,1,0,0.0
train,21,19,14,19,19,1,5,5,1,0,0.0
train,16,14,13,14,14,1,1,1,1,0,0.0
train,38,36,29,36,36,1,7,7,1,0,0.0
train,6,4,3,4,4,1,1,1,1,0,0.0
train,41,39,26,39,38,1,13,13,0,0,0.0
train,6,4,2,4,4,1,2,2,1,0,0.0
train,50,48,52,48,48,1,3,0,1,1,0.07692307692307687
train,25,23,16,23,23,1,7,7,1,0,0.0
train,24,22,17,22,22,1,5,5,1,0,0.0
train,4,2,2,2,2,1,0,0,1,0,0.0
train,21,19,14,19,19,1,5,5,1,0,0.0
train,29,27,14,27,27,1,13,13,1,0,0.0
train,9,7,7,7,7,1,0,0,1,0,0.0
train,12,10,9,10,10,1,1,1,1,0,0.0
train,16,14,9,14,14,1,5,5,1,0,0.0
train,21,19,16,19,19,1,3,3,1,0,0.0
train,19,17,17,17,17,1,0,0,1,0,0.0
train,16,14,11,14,14,1,3,3,1,0,0.0
train,11,9,9,9,9,1,0,0,1,0,0.0
train,18,16,11,16,8,1,5,5,0,0,0.0
train,25,23,16,23,23,1,7,7,1,0,0.0
train,9,7,5,7,7,1,2,2,1,0,0.0
train,21,19,14,19,19,1,5,5,1,0,0.0
train,16,14,12,14,14,1,2,2,1,0,0.0
train,22,20,19,20,20,1,1,1,1,0,0.0
train,29,27,21,27,27,1,6,6,1,0,0.0
train,21,19,15,19,19,1,4,4,1,0,0.0
train,34,32,28,32,32,1,4,4,1,0,0.0
train,17,15,13,15,7,1,2,2,0,0,0.0
train,22,20,17,20,20,1,3,3,1,0,0.0
train,9,7,5,7,7,1,2,2,1,0,0.0
train,29,27,22,10,9,0,2,5,0,0,0.0
train,26,24,20,24,24,1,4,4,1,0,0.0
train,33,31,22,31,31,1,9,9,1,0,0.0
train,17,15,9,15,15,1,6,6,1,0,0.0
train,6,4,3,4,4,1,1,1,1,0,0.0
train,24,22,15,22,22,1,7,7,1,0,0.0
train,15,13,11,13,13,1,2,2,1,0,0.0
train,25,23,13,23,23,1,10,10,1,0,0.0
train,21,19,16,19,19,1,3,3,1,0,0.0
train,24,22,15,22,22,1,7,7,1,0,0.0
train,39,37,26,37,37,1,11,11,1,0,0.0
train,50,48,48,48,48,1,9,0,1,0,0.0
train,3,1,1,1,1,1,0,0,1,0,0.0
train,9,7,4,7,7,1,3,3,1,0,0.0
train,29,27,17,27,27,1,10,10,1,0,0.0
train,50,48,33,48,48,1,15,15,1,0,0.0
train,8,6,4,6,6,1,2,2,1,0,0.0
train,7,5,5,5,5,1,0,0,1,0,0.0
train,13,11,6,11,11,1,5,5,1,0,0.0
train,14,12,7,12,12,1,5,5,1,0,0.0
train,3,1,1,1,1,1,0,0,1,0,0.0
train,22,20,15,20,20,1,5,5,1,0,0.0
train,9,7,5,7,7,1,2,2,1,0,0.0
train,6,4,4,4,4,1,0,0,1,0,0.0
train,28,26,20,26,26,1,6,6,1,0,0.0
train,19,17,12,17,17,1,5,5,1,0,0.0
train,19,17,10,17,17,1,7,7,1,0,0.0
train,13,11,11,11,11,1,0,0,1,0,0.0
train,14,12,10,12,12,1,2,2,1,0,0.0
train,7,5,3,5,5,1,2,2,1,0,0.0
train,18,16,11,16,13,1,5,5,0,0,0.0
train,8,6,4,6,0,1,2,2,0,0,0.0
train,12,10,10,10,4,1,0,0,0,0,0.0
train,19,17,14,17,17,1,3,3,1,0,0.0
train,27,25,21,25,25,1,4,4,1,0,0.0
train,50,48,41,48,48,1,13,7,1,0,0.0
train,31,29,24,29,29,1,5,5,1,0,0.0
train,30,28,23,28,2,1,5,5,0,0,0.0
train,34,32,24,32,0,1,8,8,0,0,0.0
train,50,48,45,48,48,1,18,3,1,0,0.0
train,20,18,16,18,18,1,2,2,1,0,0.0
train,17,15,12,15,15,1,3,3,1,0,0.0
train,24,22,20,22,22,1,2,2,1,0,0.0
train,35,33,29,33,33,1,4,4,1,0,0.0
train,50,48,73,26,19,0,2,0,0,1,0.34246575342465757
train,25,23,20,23,23,1,3,3,1,0,0.0
train,19,17,15,17,17,1,2,2,1,0,0.0
train,50,48,42,48,48,1,9,6,1,0,0.0
train,14,12,11,12,12,1,1,1,1,0,0.0
train,18,16,14,16,16,1,2,2,1,0,0.0
train,25,23,20,23,23,1,3,3,1,0,0.0
train,11,9,9,9,9,1,0,0,1,0,0.0
train,45,43,42,43,43,1,1,1,1,0,0.0
train,24,22,18,22,22,1,4,4,1,0,0.0
train,46,44,41,44,44,1,3,3,1,0,0.0
train,22,20,16,20,20,1,4,4,1,0,0.0
train,13,11,6,11,11,1,5,5,1,0,0.0
train,30,28,24,28,3,1,4,4,0,0,0.0
train,19,17,17,17,17,1,0,0,1,0,0.0
train,21,19,16,19,19,1,3,3,1,0,0.0
train,39,37,28,37,37,1,9,9,1,0,0.0
train,24,22,19,22,22,1,3,3,1,0,0.0
train,18,16,13,16,16,1,3,3,1,0,0.0
train,31,29,21,29,29,1,8,8,1,0,0.0
train,31,29,21,29,29,1,8,8,1,0,0.0
train,23,21,17,21,0,1,4,4,0,0,0.0
train,21,19,18,19,15,1,1,1,0,0,0.0
train,25,23,22,23,23,1,1,1,1,0,0.0
train,50,48,307,48,48,1,6,0,1,1,0.8436482084690554
train,21,19,15,19,19,1,4,4,1,0,0.0
train,31,29,19,29,29,1,10,10,1,0,0.0
train,18,16,13,16,16,1,3,3,1,0,0.0
train,11,9,8,9,9,1,1,1,1,0,0.0
train,44,42,27,42,42,1,15,15,1,0,0.0
train,50,48,45,48,48,1,3,3,1,0,0.0
train,40,38,33,38,38,1,5,5,1,0,0.0
train,35,33,26,33,28,1,7,7,0,0,0.0
train,29,27,22,27,27,1,5,5,1,0,0.0
train,34,32,26,32,32,1,6,6,1,0,0.0
train,21,19,17,19,19,1,2,2,1,0,0.0
train,18,16,10,16,16,1,6,6,1,0,0.0
train,28,26,20,26,26,1,6,6,1,0,0.0
train,31,29,27,29,29,1,2,2,1,0,0.0
train,16,14,12,14,14,1,2,2,1,0,0.0
train,26,24,21,24,24,1,3,3,1,0,0.0
train,27,25,22,25,25,1,3,3,1,0,0.0
train,19,17,16,17,17,1,1,1,1,0,0.0
train,24,22,21,22,22,1,1,1,1,0,0.0
train,38,36,31,36,36,1,5,5,1,0,0.0
train,19,17,16,17,17,1,1,1,1,0,0.0
train,18,16,13,16,16,1,3,3,1,0,0.0
train,42,40,39,40,40,1,1,1,1,0,0.0
train,50,48,43,48,48,1,7,5,1,0,0.0
train,50,48,47,48,48,1,4,1,1,0,0.0
train,26,24,20,24,24,1,4,4,1,0,0.0
train,24,22,17,22,22,1,5,5,1,0,0.0
train,28,26,21,26,26,1,5,5,1,0,0.0
train,49,47,31,47,47,1,16,16,1,0,0.0
train,23,21,20,21,21,1,1,1,1,0,0.0
train,50,48,36,48,48,1,12,12,1,0,0.0
train,23,21,19,21,18,1,2,2,0,0,0.0
train,17,15,14,15,0,1,1,1,0,0,0.0
train,31,29,22,29,29,1,7,7,1,0,0.0
train,44,42,35,42,42,1,7,7,1,0,0.0
train,15,13,11,13,13,1,2,2,1,0,0.0
train,40,38,33,38,38,1,5,5,1,0,0.0
train,30,28,18,28,28,1,10,10,1,0,0.0
train,27,25,19,25,25,1,6,6,1,0,0.0
train,40,38,23,38,38,1,15,15,1,0,0.0
train,16,14,12,14,14,1,2,2,1,0,0.0
train,26,24,18,24,24,1,6,6,1,0,0.0
train,50,48,32,48,48,1,18,16,1,0,0.0
train,41,39,33,39,39,1,6,6,1,0,0.0
train,35,33,26,33,33,1,7,7,1,0,0.0
train,23,21,15,21,21,1,6,6,1,0,0.0
train,40,38,30,38,38,1,8,8,1,0,0.0
train,26,24,17,24,24,1,7,7,1,0,0.0
train,50,48,37,48,48,1,15,11,1,0,0.0
train,19,17,15,17,17,1,2,2,1,0,0.0
train,12,10,8,10,0,1,2,2,0,0,0.0
train,9,7,7,7,0,1,0,0,0,0,0.0
train,16,14,12,14,14,1,2,2,1,0,0.0
train,15,13,11,13,13,1,2,2,1,0,0.0
train,22,20,15,20,20,1,5,5,1,0,0.0
train,31,29,20,29,29,1,9,9,1,0,0.0
train,20,18,14,18,18,1,4,4,1,0,0.0
train,32,30,23,30,30,1,7,7,1,0,0.0
train,15,13,11,13,13,1,2,2,1,0,0.0
train,18,16,15,16,16,1,1,1,1,0,0.0
train,16,14,11,14,14,1,3,3,1,0,0.0
train,14,12,12,12,3,1,0,0,0,0,0.0
train,29,27,22,27,23,1,5,5,0,0,0.0
train,50,48,53,48,45,1,1,0,0,1,0.09433962264150941
train,40,38,30,38,38,1,8,8,1,0,0.0
train,42,40,30,40,40,1,10,10,1,0,0.0
train,16,14,9,14,14,1,5,5,1,0,0.0
train,14,12,9,12,12,1,3,3,1,0,0.0
train,11,9,9,9,9,1,0,0,1,0,0.0
train,32,30,23,30,13,1,7,7,0,0,0.0
train,27,25,24,25,25,1,1,1,1,0,0.0
train,10,8,8,8,8,1,0,0,1,0,0.0
train,26,24,19,24,24,1,5,5,1,0,0.0
train,34,32,25,32,21,1,7,7,0,0,0.0
train,46,44,34,44,44,1,10,10,1,0,0.0
train,23,21,16,21,21,1,5,5,1,0,0.0
train,15,13,11,13,13,1,2,2,1,0,0.0
train,50,48,39,48,48,1,9,9,1,0,0.0
train,50,48,39,48,48,1,9,9,1,0,0.0
train,50,48,48,48,48,1,8,0,1,0,0.0
train,14,12,9,12,0,1,3,3,0,0,0.0
train,38,36,30,36,36,1,6,6,1,0,0.0
train,31,29,23,29,29,1,6,6,1,0,0.0
train,34,32,29,32,32,1,3,3,1,0,0.0
train,38,36,31,36,36,1,5,5,1,0,0.0
train,32,30,29,30,30,1,1,1,1,0,0.0
train,26,24,17,24,24,1,7,7,1,0,0.0
train,24,22,19,22,22,1,3,3,1,0,0.0
train,50,48,43,48,48,1,8,5,1,0,0.0
train,50,48,45,48,48,1,10,3,1,0,0.0
train,40,38,24,38,31,1,14,14,0,0,0.0
train,47,45,34,45,45,1,11,11,1,0,0.0
train,11,9,8,9,9,1,1,1,1,0,0.0
train,26,24,21,24,24,1,3,3,1,0,0.0
train,10,8,8,8,7,1,0,0,0,0,0.0
train,29,27,24,27,27,1,3,3,1,0,0.0
train,25,23,17,23,23,1,6,6,1,0,0.0
train,43,41,39,41,41,1,2,2,1,0,0.0
train,15,13,12,13,13,1,1,1,1,0,0.0
train,35,33,28,33,33,1,5,5,1,0,0.0
train,18,16,14,16,16,1,2,2,1,0,0.0
train,26,24,18,24,24,1,6,6,1,0,0.0
train,7,5,5,5,5,1,0,0,1,0,0.0
train,27,25,13,25,2,1,12,12,0,0,0.0
train,21,19,18,19,15,1,1,1,0,0,0.0
train,30,28,25,28,3,1,3,3,0,0,0.0
train,21,19,13,19,19,1,6,6,1,0,0.0
train,19,17,15,17,17,1,2,2,1,0,0.0
train,19,17,14,17,17,1,3,3,1,0,0.0
train,24,22,21,22,22,1,1,1,1,0,0.0
train,23,21,18,21,21,1,3,3,1,0,0.0
train,19,17,13,17,17,1,4,4,1,0,0.0
train,25,23,21,23,0,1,2,2,0,0,0.0
train,16,14,13,14,14,1,1,1,1,0,0.0
train,27,25,22,25,12,1,3,3,0,0,0.0
train,7,5,4,5,5,1,1,1,1,0,0.0
train,18,16,11,16,16,1,5,5,1,0,0.0
train,14,12,10,12,9,1,2,2,0,0,0.0
train,28,26,22,26,26,1,4,4,1,0,0.0
train,22,20,12,20,20,1,8,8,1,0,0.0
train,18,16,14,16,16,1,2,2,1,0,0.0
train,15,13,9,13,13,1,4,4,1,0,0.0
train,25,23,18,23,23,1,5,5,1,0,0.0
train,17,15,12,15,15,1,3,3,1,0,0.0
train,10,8,6,8,8,1,2,2,1,0,0.0
train,8,6,5,6,6,1,1,1,1,0,0.0
train,26,24,21,24,24,1,3,3,1,0,0.0
train,41,39,36,39,39,1,3,3,1,0,0.0
train,13,11,8,11,11,1,3,3,1,0,0.0
train,6,4,4,4,4,1,0,0,1,0,0.0
train,24,22,22,22,22,1,0,0,1,0,0.0
train,11,9,5,9,9,1,4,4,1,0,0.0
train,11,9,6,9,9,1,3,3,1,0,0.0
train,17,15,13,15,15,1,2,2,1,0,0.0
train,17,15,14,15,15,1,1,1,1,0,0.0
train,23,21,16,21,21,1,5,5,1,0,0.0
train,22,20,19,20,20,1,1,1,1,0,0.0
train,37,35,34,35,35,1,1,1,1,0,0.0
train,25,23,22,23,23,1,1,1,1,0,0.0
train,27,25,23,25,25,1,2,2,1,0,0.0
train,30,28,23,28,28,1,5,5,1,0,0.0
train,22,20,19,20,20,1,1,1,1,0,0.0
train,32,30,24,30,30,1,6,6,1,0,0.0
train,9,7,7,7,7,1,0,0,1,0,0.0
train,17,15,8,15,15,1,7,7,1,0,0.0
train,23,21,12,21,14,1,9,9,0,0,0.0
train,44,42,31,42,42,1,11,11,1,0,0.0
train,20,18,12,18,18,1,6,6,1,0,0.0
train,17,15,13,15,15,1,2,2,1,0,0.0
train,20,18,12,18,18,1,6,6,1,0,0.0
train,23,21,18,21,21,1,3,3,1,0,0.0
train,47,45,39,45,45,1,6,6,1,0,0.0
train,24,22,18,22,22,1,4,4,1,0,0.0
train,25,23,22,23,23,1,1,1,1,0,0.0
train,19,17,17,17,0,1,0,0,0,0,0.0
train,18,16,13,16,1,1,3,3,0,0,0.0
train,18,16,13,16,16,1,3,3,1,0,0.0
train,10,8,6,8,8,1,2,2,1,0,0.0
train,11,9,7,9,9,1,2,2,1,0,0.0
train,10,8,8,8,8,1,0,0,1,0,0.0
train,22,20,18,20,20,1,2,2,1,0,0.0
train,21,19,18,19,19,1,1,1,1,0,0.0
train,15,13,10,13,13,1,3,3,1,0,0.0
train,50,48,45,48,48,1,3,3,1,0,0.0
train,20,18,12,18,18,1,6,6,1,0,0.0
train,20,18,14,18,18,1,4,4,1,0,0.0
train,22,20,18,20,1,1,2,2,0,0,0.0
train,17,15,14,15,5,1,1,1,0,0,0.0
train,20,18,14,18,0,1,4,4,0,0,0.0
train,11,9,6,9,0,1,3,3,0,0,0.0
train,26,24,17,24,24,1,7,7,1,0,0.0
train,27,25,21,25,25,1,4,4,1,0,0.0
train,26,24,22,24,24,1,2,2,1,0,0.0
train,36,34,29,34,34,1,5,5,1,0,0.0
train,37,35,30,35,35,1,5,5,1,0,0.0
train,16,14,12,14,14,1,2,2,1,0,0.0
train,34,32,28,32,32,1,4,4,1,0,0.0
train,28,26,23,26,26,1,3,3,1,0,0.0
train,45,43,39,43,43,1,4,4,1,0,0.0
train,40,38,34,38,38,1,4,4,1,0,0.0
train,19,17,16,17,17,1,1,1,1,0,0.0
train,15,13,12,13,10,1,1,1,0,0,0.0
train,27,25,16,25,21,1,9,9,0,0,0.0
train,37,35,31,35,35,1,4,4,1,0,0.0
train,47,45,39,45,45,1,6,6,1,0,0.0
train,42,40,35,40,40,1,5,5,1,0,0.0
train,16,14,11,14,14,1,3,3,1,0,0.0
train,23,21,19,21,21,1,2,2,1,0,0.0
train,27,25,20,25,25,1,5,5,1,0,0.0
train,22,20,17,20,20,1,3,3,1,0,0.0
train,20,18,13,18,18,1,5,5,1,0,0.0
train,50,48,45,48,48,1,4,3,1,0,0.0
train,25,23,21,23,23,1,2,2,1,0,0.0
train,15,13,11,13,13,1,2,2,1,0,0.0
train,29,27,23,27,27,1,4,4,1,0,0.0
train,46,44,40,44,44,1,4,4,1,0,0.0
train,16,14,12,14,0,1,2,2,0,0,0.0
train,50,48,104,48,46,1,7,0,0,1,0.5384615384615384
train,19,17,15,17,17,1,2,2,1,0,0.0
train,21,19,16,19,18,1,3,3,0,0,0.0
train,8,6,6,6,6,1,0,0,1,0,0.0
train,14,12,11,12,12,1,1,1,1,0,0.0
train,19,17,15,17,17,1,2,2,1,0,0.0
train,14,12,10,12,12,1,2,2,1,0,0.0
train,16,14,11,14,14,1,3,3,1,0,0.0
train,23,21,19,21,21,1,2,2,1,0,0.0
train,27,25,21,25,25,1,4,4,1,0,0.0
train,31,29,23,29,29,1,6,6,1,0,0.0
train,17,15,13,15,15,1,2,2,1,0,0.0
train,50,48,52,48,48,1,7,0,1,1,0.07692307692307687
train,42,40,34,40,40,1,6,6,1,0,0.0
train,28,26,19,26,26,1,7,7,1,0,0.0
train,19,17,14,17,17,1,3,3,1,0,0.0
train,30,28,26,28,28,1,2,2,1,0,0.0
train,17,15,14,15,2,1,1,1,0,0,0.0
train,29,27,25,27,27,1,2,2,1,0,0.0
train,15,13,11,13,13,1,2,2,1,0,0.0
train,13,11,9,11,11,1,2,2,1,0,0.0
train,34,32,18,32,32,1,14,14,1,0,0.0
train,21,19,14,19,2,1,5,5,0,0,0.0
train,19,17,13,17,17,1,4,4,1,0,0.0
train,10,8,8,8,0,1,0,0,0,0,0.0
train,15,13,13,13,13,1,0,0,1,0,0.0
train,21,19,13,19,19,1,6,6,1,0,0.0
train,30,28,17,28,28,1,11,11,1,0,0.0
train,8,6,6,6,6,1,0,0,1,0,0.0
train,20,18,16,18,18,1,2,2,1,0,0.0
train,28,26,19,26,26,1,7,7,1,0,0.0
train,50,48,44,48,48,1,4,4,1,0,0.0
train,35,33,28,33,33,1,5,5,1,0,0.0
train,13,11,10,11,11,1,1,1,1,0,0.0
train,39,37,33,37,37,1,4,4,1,0,0.0
train,12,10,9,10,10,1,1,1,1,0,0.0
train,29,27,25,27,27,1,2,2,1,0,0.0
train,34,32,25,32,27,1,7,7,0,0,0.0
train,30,28,26,28,28,1,2,2,1,0,0.0
train,15,13,10,13,13,1,3,3,1,0,0.0
train,50,48,47,48,39,1,3,1,0,0,0.0
train,24,22,20,22,22,1,2,2,1,0,0.0
train,28,26,24,26,26,1,2,2,1,0,0.0
train,23,21,15,21,21,1,6,6,1,0,0.0
train,50,48,43,48,48,1,9,5,1,0,0.0
train,47,45,42,45,45,1,3,3,1,0,0.0
train,37,35,35,35,35,1,0,0,1,0,0.0
train,18,16,15,16,16,1,1,1,1,0,0.0
train,20,18,13,18,18,1,5,5,1,0,0.0
train,16,14,12,14,14,1,2,2,1,0,0.0
train,45,43,38,43,43,1,5,5,1,0,0.0
train,36,34,28,34,34,1,6,6,1,0,0.0
train,26,24,22,24,24,1,2,2,1,0,0.0
train,19,17,13,17,17,1,4,4,1,0,0.0
train,24,22,19,22,18,1,3,3,0,0,0.0
train,40,38,29,38,38,1,9,9,1,0,0.0
train,32,30,23,30,30,1,7,7,1,0,0.0
train,23,21,16,21,21,1,5,5,1,0,0.0
train,21,19,16,19,19,1,3,3,1,0,0.0
train,18,16,14,16,15,1,2,2,0,0,0.0
train,30,28,26,28,28,1,2,2,1,0,0.0
train,50,48,41,48,48,1,10,7,1,0,0.0
train,14,12,11,12,12,1,1,1,1,0,0.0
train,10,8,8,8,8,1,0,0,1,0,0.0
train,27,25,17,25,25,1,8,8,1,0,0.0
train,31,29,26,29,29,1,3,3,1,0,0.0
train,15,13,10,13,13,1,3,3,1,0,0.0
train,36,34,29,34,34,1,5,5,1,0,0.0
train,40,38,32,38,38,1,6,6,1,0,0.0
train,17,15,10,15,15,1,5,5,1,0,0.0
train,50,48,47,48,48,1,6,1,1,0,0.0
train,25,23,19,23,23,1,4,4,1,0,0.0
train,50,48,52,48,48,1,6,0,1,1,0.07692307692307687
train,27,25,18,25,25,1,7,7,1,0,0.0
train,15,13,12,13,13,1,1,1,1,0,0.0
train,27,25,20,25,25,1,5,5,1,0,0.0
train,48,46,34,46,46,1,12,12,1,0,0.0
train,22,20,20,20,20,1,0,0,1,0,0.0
train,19,17,15,17,17,1,2,2,1,0,0.0
train,15,13,10,13,13,1,3,3,1,0,0.0
train,19,17,13,17,17,1,4,4,1,0,0.0
train,10,8,7,8,8,1,1,1,1,0,0.0
train,22,20,15,20,20,1,5,5,1,0,0.0
train,26,24,22,24,24,1,2,2,1,0,0.0
train,22,20,18,20,20,1,2,2,1,0,0.0
train,13,11,11,11,11,1,0,0,1,0,0.0
train,50,48,69,48,48,1,0,0,1,1,0.30434782608695654
train,21,19,19,19,19,1,0,0,1,0,0.0
train,17,15,15,15,15,1,0,0,1,0,0.0
train,50,48,47,48,48,1,11,1,1,0,0.0
train,11,9,9,9,9,1,0,0,1,0,0.0
train,15,13,11,13,13,1,2,2,1,0,0.0
train,33,31,21,31,31,1,10,10,1,0,0.0
train,47,45,37,45,45,1,8,8,1,0,0.0
train,15,13,10,13,13,1,3,3,1,0,0.0
train,50,48,90,48,48,1,7,0,1,1,0.4666666666666667
train,27,25,23,25,25,1,2,2,1,0,0.0
train,8,6,6,6,6,1,0,0,1,0,0.0
train,17,15,14,15,15,1,1,1,1,0,0.0
train,30,28,25,28,28,1,3,3,1,0,0.0
train,25,23,19,23,23,1,4,4,1,0,0.0
train,19,17,14,17,17,1,3,3,1,0,0.0
train,18,16,13,16,16,1,3,3,1,0,0.0
train,33,31,25,31,31,1,6,6,1,0,0.0
train,23,21,17,21,21,1,4,4,1,0,0.0
train,21,19,13,19,19,1,6,6,1,0,0.0
train,13,11,7,11,0,1,4,4,0,0,0.0
train,20,18,17,18,18,1,1,1,1,0,0.0
train,30,28,23,28,28,1,5,5,1,0,0.0
train,22,20,17,20,20,1,3,3,1,0,0.0
train,36,34,29,34,34,1,5,5,1,0,0.0
train,26,24,18,24,24,1,6,6,1,0,0.0
train,30,28,21,28,28,1,7,7,1,0,0.0
train,27,25,23,25,25,1,2,2,1,0,0.0
train,18,16,12,16,16,1,4,4,1,0,0.0
train,34,32,25,32,4,1,7,7,0,0,0.0
train,19,17,15,17,17,1,2,2,1,0,0.0
train,11,9,9,9,9,1,0,0,1,0,0.0
train,27,25,22,25,25,1,3,3,1,0,0.0
train,17,15,13,15,15,1,2,2,1,0,0.0
train,45,43,32,43,43,1,11,11,1,0,0.0
train,36,34,31,34,34,1,3,3,1,0,0.0
train,25,23,18,23,23,1,5,5,1,0,0.0
train,34,32,26,32,32,1,6,6,1,0,0.0
train,11,9,8,9,6,1,1,1,0,0,0.0
train,33,31,20,31,22,1,11,11,0,0,0.0
train,16,14,10,14,13,1,4,4,0,0,0.0
train,17,15,10,15,15,1,5,5,1,0,0.0
train,17,15,13,15,15,1,2,2,1,0,0.0
train,17,15,11,15,15,1,4,4,1,0,0.0
train,31,29,23,29,29,1,6,6,1,0,0.0
train,21,19,14,19,19,1,5,5,1,0,0.0
train,17,15,12,15,15,1,3,3,1,0,0.0
train,36,34,23,34,34,1,11,11,1,0,0.0
train,20,18,17,18,18,1,1,1,1,0,0.0
train,15,13,11,13,13,1,2,2,1,0,0.0
train,18,16,14,16,16,1,2,2,1,0,0.0
train,28,26,15,26,26,1,11,11,1,0,0.0
train,15,13,9,13,13,1,4,4,1,0,0.0
train,28,26,25,26,26,1,1,1,1,0,0.0
train,48,46,41,46,46,1,5,5,1,0,0.0
train,29,27,18,27,27,1,9,9,1,0,0.0
train,31,29,22,29,29,1,7,7,1,0,0.0
train,19,17,15,17,17,1,2,2,1,0,0.0
train,50,48,41,48,48,1,9,7,1,0,0.0
train,19,17,13,17,17,1,4,4,1,0,0.0
train,26,24,23,24,24,1,1,1,1,0,0.0
train,27,25,22,25,25,1,3,3,1,0,0.0
train,29,27,19,27,27,1,8,8,1,0,0.0
train,30,28,23,28,28,1,5,5,1,0,0.0
train,37,35,31,35,35,1,4,4,1,0,0.0
train,13,11,11,11,11,1,0,0,1,0,0.0
train,19,17,13,17,17,1,4,4,1,0,0.0
train,27,25,23,25,25,1,2,2,1,0,0.0
train,44,42,39,42,42,1,3,3,1,0,0.0
train,34,32,24,32,32,1,8,8,1,0,0.0
train,39,37,32,37,37,1,5,5,1,0,0.0
train,32,30,26,30,30,1,4,4,1,0,0.0
train,23,21,15,21,21,1,6,6,1,0,0.0
train,14,12,10,12,12,1,2,2,1,0,0.0
train,16,14,14,14,14,1,0,0,1,0,0.0
train,9,7,7,7,7,1,0,0,1,0,0.0
train,8,6,5,6,6,1,1,1,1,0,0.0
train,27,25,20,25,25,1,5,5,1,0,0.0
train,30,28,21,28,28,1,7,7,1,0,0.0
train,44,42,38,42,42,1,4,4,1,0,0.0
train,25,23,19,23,23,1,4,4,1,0,0.0
train,25,23,19,23,19,1,4,4,0,0,0.0
train,29,27,23,27,27,1,4,4,1,0,0.0
train,22,20,17,20,20,1,3,3,1,0,0.0
train,27,25,15,25,25,1,10,10,1,0,0.0
train,20,18,17,18,18,1,1,1,1,0,0.0
train,12,10,7,10,10,1,3,3,1,0,0.0
train,35,33,27,33,33,1,6,6,1,0,0.0
train,18,16,14,16,16,1,2,2,1,0,0.0
train,26,24,17,24,24,1,7,7,1,0,0.0
train,22,20,15,20,20,1,5,5,1,0,0.0
train,17,15,11,15,15,1,4,4,1,0,0.0
train,15,13,12,13,13,1,1,1,1,0,0.0
train,16,14,13,14,14,1,1,1,1,0,0.0
train,11,9,9,9,9,1,0,0,1,0,0.0
train,15,13,9,13,13,1,4,4,1,0,0.0
train,45,43,37,43,43,1,6,6,1,0,0.0
train,19,17,14,17,17,1,3,3,1,0,0.0
train,10,8,7,8,8,1,1,1,1,0,0.0
train,9,7,5,7,7,1,2,2,1,0,0.0
train,10,8,5,8,8,1,3,3,1,0,0.0
train,24,22,19,22,22,1,3,3,1,0,0.0
train,15,13,12,13,13,1,1,1,1,0,0.0
train,50,48,40,48,48,1,11,8,1,0,0.0
train,30,28,26,28,28,1,2,2,1,0,0.0
train,22,20,16,20,20,1,4,4,1,0,0.0
train,23,21,15,21,21,1,6,6,1,0,0.0
train,36,34,27,34,34,1,7,7,1,0,0.0
train,21,19,17,19,19,1,2,2,1,0,0.0
train,21,19,17,19,19,1,2,2,1,0,0.0
train,46,44,40,44,44,1,4,4,1,0,0.0
train,41,39,33,39,39,1,6,6,1,0,0.0
train,24,22,19,22,22,1,3,3,1,0,0.0
train,17,15,12,15,15,1,3,3,1,0,0.0
train,25,23,17,23,20,1,6,6,0,0,0.0
train,27,25,22,25,25,1,3,3,1,0,0.0
train,7,5,5,5,0,1,0,0,0,0,0.0
train,14,12,12,12,12,1,0,0,1,0,0.0
train,16,14,12,14,14,1,2,2,1,0,0.0
train,50,48,35,48,48,1,14,13,1,0,0.0
train,35,33,30,33,33,1,3,3,1,0,0.0
train,24,22,19,22,22,1,3,3,1,0,0.0
train,21,19,17,19,6,1,2,2,0,0,0.0
train,24,22,21,22,22,1,1,1,1,0,0.0
train,14,12,12,12,12,1,0,0,1,0,0.0
train,21,19,17,19,19,1,2,2,1,0,0.0
train,19,17,11,17,17,1,6,6,1,0,0.0
train,11,9,8,9,9,1,1,1,1,0,0.0
train,8,6,5,6,0,1,1,1,0,0,0.0
train,17,15,14,15,15,1,1,1,1,0,0.0
train,16,14,13,14,14,1,1,1,1,0,0.0
train,19,17,17,17,17,1,0,0,1,0,0.0
train,14,12,11,12,10,1,1,1,0,0,0.0
train,50,48,66,48,48,1,7,0,1,1,0.2727272727272727
train,18,16,14,16,16,1,2,2,1,0,0.0
train,50,48,47,48,48,1,7,1,1,0,0.0
train,15,13,13,13,13,1,0,0,1,0,0.0
train,31,29,28,29,29,1,1,1,1,0,0.0
train,9,7,5,7,0,1,2,2,0,0,0.0
train,9,7,5,7,4,1,2,2,0,0,0.0
train,16,14,13,14,14,1,1,1,1,0,0.0
train,22,20,15,20,20,1,5,5,1,0,0.0
train,50,48,38,48,48,1,11,10,1,0,0.0
train,36,34,30,34,34,1,4,4,1,0,0.0
train,40,38,31,38,38,1,7,7,1,0,0.0
train,32,30,21,30,30,1,9,9,1,0,0.0
train,24,22,20,22,22,1,2,2,1,0,0.0
train,42,40,26,40,22,1,14,14,0,0,0.0
train,33,31,27,31,31,1,4,4,1,0,0.0
train,50,48,59,48,44,1,6,0,0,1,0.18644067796610164
train,26,24,20,24,24,1,4,4,1,0,0.0
train,50,48,46,48,48,1,4,2,1,0,0.0
train,33,31,24,31,31,1,7,7,1,0,0.0
train,10,8,8,8,8,1,0,0,1,0,0.0
train,11,9,8,9,9,1,1,1,1,0,0.0
train,12,10,10,10,10,1,0,0,1,0,0.0
train,8,6,6,6,0,1,0,0,0,0,0.0
train,41,39,28,39,39,1,11,11,1,0,0.0
train,49,47,43,47,47,1,4,4,1,0,0.0
train,19,17,10,17,17,1,7,7,1,0,0.0
train,35,33,28,33,33,1,5,5,1,0,0.0
train,47,45,36,45,45,1,9,9,1,0,0.0
train,15,13,11,13,13,1,2,2,1,0,0.0
train,50,48,48,48,48,1,4,0,1,0,0.0
train,23,21,19,21,21,1,2,2,1,0,0.0
train,28,26,24,26,26,1,2,2,1,0,0.0
train,14,12,11,12,12,1,1,1,1,0,0.0
train,48,46,42,46,46,1,4,4,1,0,0.0
train,6,4,4,4,4,1,0,0,1,0,0.0
train,21,19,19,19,19,1,0,0,1,0,0.0
train,31,29,25,29,29,1,4,4,1,0,0.0
train,46,44,41,44,34,1,3,3,0,0,0.0
train,19,17,16,17,17,1,1,1,1,0,0.0
train,6,4,4,4,4,1,0,0,1,0,0.0
train,20,18,15,18,18,1,3,3,1,0,0.0
train,48,46,35,46,46,1,11,11,1,0,0.0
train,50,48,50,48,48,1,1,0,1,0,0.0
train,37,35,27,35,35,1,8,8,1,0,0.0
train,50,48,47,48,48,1,2,1,1,0,0.0
train,19,17,14,17,17,1,3,3,1,0,0.0
train,40,38,37,38,38,1,1,1,1,0,0.0
train,50,48,67,48,48,1,10,0,1,1,0.28358208955223885
train,50,48,46,48,48,1,2,2,1,0,0.0
train,36,34,21,34,34,1,13,13,1,0,0.0
train,20,18,16,18,18,1,2,2,1,0,0.0
train,16,14,11,14,14,1,3,3,1,0,0.0
train,50,48,49,48,48,1,1,0,1,0,0.0
train,32,30,24,30,30,1,6,6,1,0,0.0
train,14,12,9,12,12,1,3,3,1,0,0.0
train,11,9,7,9,9,1,2,2,1,0,0.0
train,25,23,20,23,23,1,3,3,1,0,0.0
train,20,18,17,18,18,1,1,1,1,0,0.0
train,8,6,6,6,6,1,0,0,1,0,0.0
train,28,26,22,26,26,1,4,4,1,0,0.0
train,18,16,12,16,16,1,4,4,1,0,0.0
train,19,17,12,17,17,1,5,5,1,0,0.0
train,50,48,42,48,48,1,7,6,1,0,0.0
train,38,36,29,36,36,1,7,7,1,0,0.0
train,40,38,27,38,38,1,11,11,1,0,0.0
train,24,22,19,22,22,1,3,3,1,0,0.0
train,21,19,17,19,19,1,2,2,1,0,0.0
train,17,15,13,15,15,1,2,2,1,0,0.0
train,19,17,16,17,17,1,1,1,1,0,0.0
train,17,15,13,15,11,1,2,2,0,0,0.0
train,11,9,9,9,9,1,0,0,1,0,0.0
train,20,18,12,18,18,1,6,6,1,0,0.0
train,49,47,38,47,47,1,9,9,1,0,0.0
train,13,11,8,11,11,1,3,3,1,0,0.0
train,24,22,17,22,22,1,5,5,1,0,0.0
train,46,44,38,44,44,1,6,6,1,0,0.0
train,50,48,53,48,48,1,6,0,1,1,0.09433962264150941
train,24,22,14,22,22,1,8,8,1,0,0.0
train,14,12,11,12,12,1,1,1,1,0,0.0
train,21,19,16,19,19,1,3,3,1,0,0.0
train,18,16,11,16,16,1,5,5,1,0,0.0
train,32,30,30,30,30,1,0,0,1,0,0.0
train,28,26,23,26,26,1,3,3,1,0,0.0
train,50,48,47,48,48,1,7,1,1,0,0.0
train,15,13,10,13,13,1,3,3,1,0,0.0
train,23,21,19,21,21,1,2,2,1,0,0.0
train,35,33,28,33,33,1,5,5,1,0,0.0
train,34,32,27,32,32,1,5,5,1,0,0.0
train,26,24,15,24,24,1,9,9,1,0,0.0
train,23,21,18,21,21,1,3,3,1,0,0.0
train,30,28,22,28,28,1,6,6,1,0,0.0
train,24,22,21,22,22,1,1,1,1,0,0.0
train,50,48,48,48,48,1,4,0,1,0,0.0
train,49,47,39,47,47,1,8,8,1,0,0.0
train,17,15,10,15,15,1,5,5,1,0,0.0
train,44,42,35,42,42,1,7,7,1,0,0.0
train,35,33,21,33,33,1,12,12,1,0,0.0
train,14,12,11,12,12,1,1,1,1,0,0.0
train,50,48,42,48,48,1,6,6,1,0,0.0
train,36,34,31,34,34,1,3,3,1,0,0.0
train,29,27,24,27,27,1,3,3,1,0,0.0
train,30,28,23,28,28,1,5,5,1,0,0.0
train,18,16,15,16,16,1,1,1,1,0,0.0
train,30,28,20,28,28,1,8,8,1,0,0.0
train,13,11,9,11,11,1,2,2,1,0,0.0
train,14,12,7,12,12,1,5,5,1,0,0.0
train,22,20,18,20,20,1,2,2,1,0,0.0
train,16,14,10,14,14,1,4,4,1,0,0.0
train,27,25,22,25,25,1,3,3,1,0,0.0
train,49,47,40,47,47,1,7,7,1,0,0.0
train,31,29,22,29,29,1,7,7,1,0,0.0
train,40,38,29,38,38,1,9,9,1,0,0.0
train,50,48,47,48,48,1,7,1,1,0,0.0
train,27,25,20,25,25,1,5,5,1,0,0.0
train,50,48,70,48,48,1,3,0,1,1,0.3142857142857143
train,27,25,23,25,25,1,2,2,1,0,0.0
train,21,19,18,19,19,1,1,1,1,0,0.0
train,32,30,19,30,16,1,11,11,0,0,0.0
train,35,33,24,33,32,1,9,9,0,0,0.0
train,24,22,21,22,22,1,1,1,1,0,0.0
train,44,42,38,42,42,1,4,4,1,0,0.0
train,8,6,4,6,6,1,2,2,1,0,0.0
train,21,19,14,19,19,1,5,5,1,0,0.0
train,30,28,25,28,28,1,3,3,1,0,0.0
train,20,18,13,18,18,1,5,5,1,0,0.0
train,24,22,19,22,22,1,3,3,1,0,0.0
train,50,48,89,48,48,1,8,0,1,1,0.4606741573033708
train,50,48,55,48,48,1,8,0,1,1,0.12727272727272732
train,44,42,36,42,42,1,6,6,1,0,0.0
train,9,7,7,7,7,1,0,0,1,0,0.0
train,47,45,36,45,45,1,9,9,1,0,0.0
train,9,7,6,7,7,1,1,1,1,0,0.0
train,29,27,25,27,27,1,2,2,1,0,0.0
train,9,7,5,7,7,1,2,2,1,0,0.0
train,26,24,21,24,24,1,3,3,1,0,0.0
train,39,37,29,37,37,1,8,8,1,0,0.0
train,25,23,20,23,23,1,3,3,1,0,0.0
train,28,26,24,26,26,1,2,2,1,0,0.0
train,27,25,24,25,25,1,1,1,1,0,0.0
train,34,32,24,32,32,1,8,8,1,0,0.0
train,25,23,22,23,23,1,1,1,1,0,0.0
train,34,32,17,32,32,1,15,15,1,0,0.0
train,6,4,4,4,4,1,0,0,1,0,0.0
train,35,33,30,33,33,1,3,3,1,0,0.0
train,27,25,24,25,25,1,1,1,1,0,0.0
train,26,24,23,24,17,1,1,1,0,0,0.0
train,30,28,24,28,28,1,4,4,1,0,0.0
train,22,20,19,20,20,1,1,1,1,0,0.0
train,42,40,27,40,40,1,13,13,1,0,0.0
train,31,29,22,29,29,1,7,7,1,0,0.0
train,50,48,50,48,48,1,10,0,1,0,0.0
train,39,37,29,37,37,1,8,8,1,0,0.0
train,15,13,12,13,13,1,1,1,1,0,0.0
train,41,39,35,39,39,1,4,4,1,0,0.0
train,50,48,40,48,48,1,9,8,1,0,0.0
train,23,21,14,21,21,1,7,7,1,0,0.0
train,9,7,7,7,7,1,0,0,1,0,0.0
train,23,21,21,21,21,1,0,0,1,0,0.0
train,20,18,17,18,18,1,1,1,1,0,0.0
train,16,14,10,14,14,1,4,4,1,0,0.0
train,24,22,21,22,22,1,1,1,1,0,0.0
train,16,14,13,14,14,1,1,1,1,0,0.0
train,6,4,4,4,4,1,0,0,1,0,0.0
train,11,9,8,9,9,1,1,1,1,0,0.0
train,22,20,17,20,20,1,3,3,1,0,0.0
train,10,8,8,8,8,1,0,0,1,0,0.0
train,13,11,11,11,11,1,0,0,1,0,0.0
train,27,25,24,25,25,1,1,1,1,0,0.0
train,13,11,10,11,11,1,1,1,1,0,0.0
train,22,20,16,20,20,1,4,4,1,0,0.0
train,23,21,19,21,21,1,2,2,1,0,0.0
train,13,11,10,11,2,1,1,1,0,0,0.0
train,26,24,18,24,24,1,6,6,1,0,0.0
train,35,33,24,33,31,1,9,9,0,0,0.0
train,21,19,18,19,17,1,1,1,0,0,0.0
train,25,23,21,23,23,1,2,2,1,0,0.0
train,25,23,19,23,23,1,4,4,1,0,0.0
train,35,33,24,33,33,1,9,9,1,0,0.0
train,50,48,64,48,48,1,5,0,1,1,0.25
train,22,20,18,20,11,1,2,2,0,0,0.0
train,33,31,29,31,31,1,2,2,1,0,0.0
train,16,14,14,14,14,1,0,0,1,0,0.0
train,50,48,53,48,48,1,5,0,1,1,0.09433962264150941
train,21,19,15,19,19,1,4,4,1,0,0.0
train,13,11,10,11,11,1,1,1,1,0,0.0
train,17,15,12,15,15,1,3,3,1,0,0.0
train,14,12,11,12,12,1,1,1,1,0,0.0
train,29,27,25,27,27,1,2,2,1,0,0.0
train,31,29,22,29,29,1,7,7,1,0,0.0
train,24,22,17,22,22,1,5,5,1,0,0.0
train,30,28,21,28,28,1,7,7,1,0,0.0
train,20,18,16,18,18,1,2,2,1,0,0.0
train,16,14,13,14,14,1,1,1,1,0,0.0
train,28,26,22,26,26,1,4,4,1,0,0.0
train,46,44,38,44,44,1,6,6,1,0,0.0
train,31,29,27,29,29,1,2,2,1,0,0.0
train,10,8,8,8,8,1,0,0,1,0,0.0
train,19,17,13,17,17,1,4,4,1,0,0.0
train,20,18,15,18,18,1,3,3,1,0,0.0
train,50,48,50,48,48,1,7,0,1,0,0.0
train,15,13,10,13,13,1,3,3,1,0,0.0
train,33,31,22,31,31,1,9,9,1,0,0.0
train,30,28,27,28,28,1,1,1,1,0,0.0
train,29,27,24,27,27,1,3,3,1,0,0.0
train,50,48,42,48,48,1,6,6,1,0,0.0
train,16,14,10,14,14,1,4,4,1,0,0.0
train,13,11,8,11,11,1,3,3,1,0,0.0
train,50,48,73,48,48,1,10,0,1,1,0.34246575342465757
train,26,24,18,24,24,1,6,6,1,0,0.0
train,16,14,12,14,9,1,2,2,0,0,0.0
train,47,45,41,45,45,1,4,4,1,0,0.0
train,50,48,48,48,48,1,7,0,1,0,0.0
train,26,24,22,24,18,1,2,2,0,0,0.0
train,23,21,19,21,21,1,2,2,1,0,0.0
train,50,48,44,48,48,1,4,4,1,0,0.0
train,25,23,21,23,23,1,2,2,1,0,0.0
train,26,24,21,24,24,1,3,3,1,0,0.0
train,19,17,12,17,17,1,5,5,1,0,0.0
train,13,11,11,11,6,1,0,0,0,0,0.0
train,25,23,18,23,2,1,5,5,0,0,0.0
train,16,14,13,14,14,1,1,1,1,0,0.0
train,30,28,19,28,1,1,9,9,0,0,0.0
train,7,5,5,5,0,1,0,0,0,0,0.0
train,21,19,19,19,0,1,0,0,0,0,0.0
train,31,29,28,29,29,1,1,1,1,0,0.0
train,19,17,14,17,17,1,3,3,1,0,0.0
train,18,16,12,16,16,1,4,4,1,0,0.0
train,30,28,19,28,28,1,9,9,1,0,0.0
train,37,35,28,35,35,1,7,7,1,0,0.0
train,20,18,17,18,18,1,1,1,1,0,0.0
train,26,24,17,24,24,1,7,7,1,0,0.0
train,21,19,12,19,19,1,7,7,1,0,0.0
train,11,9,7,9,9,1,2,2,1,0,0.0
train,35,33,27,33,33,1,6,6,1,0,0.0
train,28,26,19,26,26,1,7,7,1,0,0.0
train,17,15,15,15,15,1,0,0,1,0,0.0
train,12,10,10,10,10,1,0,0,1,0,0.0
train,9,7,7,7,7,1,0,0,1,0,0.0
train,38,36,32,36,36,1,4,4,1,0,0.0
train,49,47,40,47,47,1,7,7,1,0,0.0
train,40,38,26,38,38,1,12,12,1,0,0.0
train,20,18,12,18,18,1,6,6,1,0,0.0
train,21,19,15,19,10,1,4,4,0,0,0.0
train,14,12,11,12,12,1,1,1,1,0,0.0
train,26,24,22,24,24,1,2,2,1,0,0.0
train,18,16,15,16,16,1,1,1,1,0,0.0
train,27,25,17,25,25,1,8,8,1,0,0.0
train,23,21,16,21,21,1,5,5,1,0,0.0
train,21,19,14,19,19,1,5,5,1,0,0.0
train,20,18,16,18,18,1,2,2,1,0,0.0
train,18,16,12,16,16,1,4,4,1,0,0.0
train,19,17,14,17,17,1,3,3,1,0,0.0
train,9,7,7,7,7,1,0,0,1,0,0.0
train,32,30,26,30,30,1,4,4,1,0,0.0
train,15,13,11,13,13,1,2,2,1,0,0.0
train,7,5,5,5,5,1,0,0,1,0,0.0
train,46,44,39,44,44,1,5,5,1,0,0.0
train,18,16,15,16,16,1,1,1,1,0,0.0
train,32,30,25,30,30,1,5,5,1,0,0.0
train,19,17,14,17,17,1,3,3,1,0,0.0
train,17,15,12,15,15,1,3,3,1,0,0.0
train,30,28,21,28,28,1,7,7,1,0,0.0
train,10,8,8,8,8,1,0,0,1,0,0.0
train,30,28,25,28,28,1,3,3,1,0,0.0
train,9,7,7,7,7,1,0,0,1,0,0.0
train,38,36,28,36,36,1,8,8,1,0,0.0
train,50,48,39,48,48,1,13,9,1,0,0.0
train,22,20,14,20,20,1,6,6,1,0,0.0
train,19,17,13,17,17,1,4,4,1,0,0.0
train,8,6,6,6,6,1,0,0,1,0,0.0
train,20,18,16,18,18,1,2,2,1,0,0.0
train,31,29,24,29,29,1,5,5,1,0,0.0
train,32,30,23,30,30,1,7,7,1,0,0.0
train,14,12,11,12,12,1,1,1,1,0,0.0
train,24,22,16,22,22,1,6,6,1,0,0.0
train,25,23,18,23,23,1,5,5,1,0,0.0
train,23,21,20,21,21,1,1,1,1,0,0.0
train,22,20,18,20,20,1,2,2,1,0,0.0
train,23,21,17,21,20,1,4,4,0,0,0.0
train,19,17,13,17,17,1,4,4,1,0,0.0
train,14,12,12,12,12,1,0,0,1,0,0.0
train,25,23,20,23,23,1,3,3,1,0,0.0
train,18,16,13,16,16,1,3,3,1,0,0.0
train,30,28,26,28,28,1,2,2,1,0,0.0
train,20,18,14,18,18,1,4,4,1,0,0.0
train,28,26,21,26,26,1,5,5,1,0,0.0
train,25,23,22,23,23,1,1,1,1,0,0.0
train,25,23,19,23,23,1,4,4,1,0,0.0
train,19,17,15,17,17,1,2,2,1,0,0.0
train,20,18,17,18,18,1,1,1,1,0,0.0
train,18,16,16,16,1,1,0,0,0,0,0.0
train,31,29,25,29,29,1,4,4,1,0,0.0
train,24,22,17,22,22,1,5,5,1,0,0.0
train,8,6,5,6,6,1,1,1,1,0,0.0
train,39,37,28,37,37,1,9,9,1,0,0.0
train,32,30,23,30,30,1,7,7,1,0,0.0
train,14,12,9,12,12,1,3,3,1,0,0.0
train,25,23,19,23,23,1,4,4,1,0,0.0
train,32,30,23,30,30,1,7,7,1,0,0.0
train,22,20,19,20,20,1,1,1,1,0,0.0
train,14,12,9,12,12,1,3,3,1,0,0.0
train,8,6,5,6,0,1,1,1,0,0,0.0
train,9,7,5,7,0,1,2,2,0,0,0.0
train,17,15,15,15,15,1,0,0,1,0,0.0
train,23,21,19,21,21,1,2,2,1,0,0.0
train,13,11,10,11,10,1,1,1,0,0,0.0
train,31,29,25,29,14,1,4,4,0,0,0.0
train,31,29,24,29,3,1,5,5,0,0,0.0
train,13,11,9,11,11,1,2,2,1,0,0.0
train,24,22,22,22,22,1,0,0,1,0,0.0
train,27,25,20,25,25,1,5,5,1,0,0.0
train,18,16,16,16,16,1,0,0,1,0,0.0
train,20,18,14,18,18,1,4,4,1,0,0.0
train,23,21,18,21,21,1,3,3,1,0,0.0
train,27,25,21,25,25,1,4,4,1,0,0.0
train,34,32,24,32,32,1,8,8,1,0,0.0
train,23,21,18,21,0,1,3,3,0,0,0.0
train,16,14,9,14,8,1,5,5,0,0,0.0
train,26,24,20,24,24,1,4,4,1,0,0.0
train,30,28,21,28,28,1,7,7,1,0,0.0
train,24,22,14,22,22,1,8,8,1,0,0.0
train,38,36,34,36,36,1,2,2,1,0,0.0
train,7,5,5,5,5,1,0,0,1,0,0.0
train,10,8,7,8,8,1,1,1,1,0,0.0
train,26,24,19,24,24,1,5,5,1,0,0.0
train,25,23,17,23,23,1,6,6,1,0,0.0
train,42,40,31,40,40,1,9,9,1,0,0.0
train,11,9,9,9,0,1,0,0,0,0,0.0
train,11,9,8,9,9,1,1,1,1,0,0.0
train,20,18,18,18,18,1,0,0,1,0,0.0
train,24,22,19,22,22,1,3,3,1,0,0.0
train,17,15,10,15,15,1,5,5,1,0,0.0
train,25,23,17,23,23,1,6,6,1,0,0.0
train,9,7,7,7,7,1,0,0,1,0,0.0
train,27,25,21,25,25,1,4,4,1,0,0.0
train,9,7,6,7,7,1,1,1,1,0,0.0
train,14,12,12,12,12,1,0,0,1,0,0.0
train,8,6,5,6,4,1,1,1,0,0,0.0
train,26,24,20,24,24,1,4,4,1,0,0.0
train,23,21,17,21,21,1,4,4,1,0,0.0
train,15,13,9,13,13,1,4,4,1,0,0.0
train,11,9,9,9,1,1,0,0,0,0,0.0
train,29,27,26,27,0,1,1,1,0,0,0.0
train,50,48,39,48,39,1,12,9,0,0,0.0
train,38,36,33,36,36,1,3,3,1,0,0.0
train,36,34,30,34,34,1,4,4,1,0,0.0
train,16,14,13,14,14,1,1,1,1,0,0.0
train,35,33,27,33,33,1,6,6,1,0,0.0
train,29,27,23,27,19,1,4,4,0,0,0.0
train,50,48,72,48,1,1,5,0,0,1,0.33333333333333337
train,28,26,25,26,26,1,1,1,1,0,0.0
train,30,28,26,28,28,1,2,2,1,0,0.0
train,16,14,13,14,14,1,1,1,1,0,0.0
train,26,24,20,24,24,1,4,4,1,0,0.0
train,23,21,16,21,21,1,5,5,1,0,0.0
train,23,21,19,21,21,1,2,2,1,0,0.0
train,27,25,20,25,25,1,5,5,1,0,0.0
train,40,38,34,38,38,1,4,4,1,0,0.0
train,26,24,23,24,24,1,1,1,1,0,0.0
train,25,23,21,23,23,1,2,2,1,0,0.0
train,34,32,28,32,14,1,4,4,0,0,0.0
train,15,13,10,13,13,1,3,3,1,0,0.0
train,14,12,12,12,12,1,0,0,1,0,0.0
train,28,26,22,26,26,1,4,4,1,0,0.0
train,20,18,14,18,18,1,4,4,1,0,0.0
train,18,16,12,16,16,1,4,4,1,0,0.0
train,11,9,7,9,9,1,2,2,1,0,0.0
train,21,19,17,19,13,1,2,2,0,0,0.0
train,28,26,20,26,26,1,6,6,1,0,0.0
train,24,22,15,22,22,1,7,7,1,0,0.0
train,17,15,13,15,15,1,2,2,1,0,0.0
train,25,23,18,23,23,1,5,5,1,0,0.0
train,20,18,15,18,0,1,3,3,0,0,0.0
train,44,42,33,42,42,1,9,9,1,0,0.0
train,21,19,15,19,19,1,4,4,1,0,0.0
train,18,16,15,16,16,1,1,1,1,0,0.0
train,27,25,24,25,25,1,1,1,1,0,0.0
train,16,14,13,14,14,1,1,1,1,0,0.0
train,16,14,14,14,7,1,0,0,0,0,0.0
train,26,24,24,24,22,1,0,0,0,0,0.0
train,15,13,12,13,9,1,1,1,0,0,0.0
train,15,13,13,13,13,1,0,0,1,0,0.0
train,11,9,7,9,4,1,2,2,0,0,0.0
train,19,17,16,17,17,1,1,1,1,0,0.0
train,8,6,6,6,6,1,0,0,1,0,0.0
train,16,14,11,14,14,1,3,3,1,0,0.0
train,11,9,8,9,9,1,1,1,1,0,0.0
train,10,8,8,8,8,1,0,0,1,0,0.0
train,24,22,19,22,22,1,3,3,1,0,0.0
train,23,21,16,21,21,1,5,5,1,0,0.0
train,25,23,20,23,23,1,3,3,1,0,0.0
train,25,23,20,23,23,1,3,3,1,0,0.0
train,17,15,9,15,15,1,6,6,1,0,0.0
train,22,20,17,20,20,1,3,3,1,0,0.0
train,24,22,19,22,22,1,3,3,1,0,0.0
train,50,48,65,48,48,1,12,0,1,1,0.2615384615384615
train,24,22,19,22,22,1,3,3,1,0,0.0
train,10,8,7,8,0,1,1,1,0,0,0.0
train,10,8,4,8,8,1,4,4,1,0,0.0
train,50,48,73,48,48,1,8,0,1,1,0.34246575342465757
train,26,24,22,24,24,1,2,2,1,0,0.0
train,24,22,19,22,22,1,3,3,1,0,0.0
train,30,28,23,28,28,1,5,5,1,0,0.0
train,10,8,8,8,8,1,0,0,1,0,0.0
train,18,16,15,16,16,1,1,1,1,0,0.0
train,23,21,19,21,20,1,2,2,0,0,0.0
train,14,12,9,12,12,1,3,3,1,0,0.0
train,21,19,16,19,19,1,3,3,1,0,0.0
train,8,6,6,6,6,1,0,0,1,0,0.0
train,29,27,24,27,27,1,3,3,1,0,0.0
train,15,13,12,13,13,1,1,1,1,0,0.0
train,9,7,5,7,3,1,2,2,0,0,0.0
train,13,11,9,11,0,1,2,2,0,0,0.0
train,20,18,16,18,0,1,2,2,0,0,0.0
train,27,25,22,25,25,1,3,3,1,0,0.0
train,18,16,14,16,16,1,2,2,1,0,0.0
train,24,22,21,22,22,1,1,1,1,0,0.0
train,28,26,20,26,26,1,6,6,1,0,0.0
train,22,20,17,20,20,1,3,3,1,0,0.0
train,18,16,12,16,16,1,4,4,1,0,0.0
train,50,48,40,48,4,1,8,8,0,0,0.0
train,31,29,28,29,29,1,1,1,1,0,0.0
train,21,19,15,19,19,1,4,4,1,0,0.0
train,19,17,15,17,17,1,2,2,1,0,0.0
train,23,21,16,21,0,1,5,5,0,0,0.0
train,38,36,31,36,36,1,5,5,1,0,0.0
train,20,18,14,18,18,1,4,4,1,0,0.0
train,19,17,16,17,17,1,1,1,1,0,0.0
train,32,30,26,30,30,1,4,4,1,0,0.0
train,35,33,26,33,33,1,7,7,1,0,0.0
train,33,31,23,31,31,1,8,8,1,0,0.0
train,20,18,15,18,18,1,3,3,1,0,0.0
train,44,42,36,42,42,1,6,6,1,0,0.0
train,24,22,22,22,22,1,0,0,1,0,0.0
train,7,5,5,5,5,1,0,0,1,0,0.0
train,36,34,30,34,34,1,4,4,1,0,0.0
train,12,10,8,10,10,1,2,2,1,0,0.0
train,14,12,11,12,12,1,1,1,1,0,0.0
train,24,22,20,22,22,1,2,2,1,0,0.0
train,33,31,25,31,31,1,6,6,1,0,0.0
train,27,25,11,25,25,1,14,14,1,0,0.0
train,15,13,10,13,13,1,3,3,1,0,0.0
train,50,48,47,48,48,1,3,1,1,0,0.0
train,24,22,20,22,0,1,2,2,0,0,0.0
train,21,19,18,19,0,1,1,1,0,0,0.0
train,29,27,20,27,0,1,7,7,0,0,0.0
train,50,48,50,48,48,1,4,0,1,0,0.0
train,22,20,19,20,20,1,1,1,1,0,0.0
train,25,23,22,23,23,1,1,1,1,0,0.0
train,18,16,15,16,16,1,1,1,1,0,0.0
train,20,18,13,18,18,1,5,5,1,0,0.0
train,38,36,30,36,36,1,6,6,1,0,0.0
train,23,21,17,21,14,1,4,4,0,0,0.0
train,34,32,26,32,32,1,6,6,1,0,0.0
train,36,34,31,34,34,1,3,3,1,0,0.0
train,39,37,30,37,37,1,7,7,1,0,0.0
train,28,26,24,26,26,1,2,2,1,0,0.0
train,18,16,15,16,16,1,1,1,1,0,0.0
train,44,42,33,42,42,1,9,9,1,0,0.0
train,28,26,23,26,26,1,3,3,1,0,0.0
train,24,22,19,22,22,1,3,3,1,0,0.0
train,16,14,12,14,14,1,2,2,1,0,0.0
train,10,8,6,8,8,1,2,2,1,0,0.0
train,31,29,24,29,29,1,5,5,1,0,0.0
train,39,37,33,37,37,1,4,4,1,0,0.0
train,35,33,28,33,29,1,5,5,0,0,0.0
train,30,28,22,28,28,1,6,6,1,0,0.0
train,50,48,45,48,48,1,3,3,1,0,0.0
train,24,22,13,22,22,1,9,9,1,0,0.0
train,8,6,6,6,6,1,0,0,1,0,0.0
train,20,18,14,18,18,1,4,4,1,0,0.0
train,22,20,17,20,20,1,3,3,1,0,0.0
train,25,23,22,23,23,1,1,1,1,0,0.0
train,19,17,14,17,17,1,3,3,1,0,0.0
train,31,29,25,29,29,1,4,4,1,0,0.0
train,25,23,17,23,23,1,6,6,1,0,0.0
train,27,25,15,25,0,1,10,10,0,0,0.0
train,20,18,15,18,18,1,3,3,1,0,0.0
train,28,26,18,26,26,1,8,8,1,0,0.0
train,22,20,16,20,17,1,4,4,0,0,0.0
train,13,11,11,11,11,1,0,0,1,0,0.0
train,34,32,26,32,32,1,6,6,1,0,0.0
train,16,14,13,14,14,1,1,1,1,0,0.0
train,15,13,12,13,13,1,1,1,1,0,0.0
train,17,15,13,15,15,1,2,2,1,0,0.0
train,15,13,12,13,13,1,1,1,1,0,0.0
train,13,11,11,11,0,1,0,0,0,0,0.0
train,30,28,21,28,0,1,7,7,0,0,0.0
train,42,40,24,40,40,1,16,16,1,0,0.0
train,17,15,12,15,15,1,3,3,1,0,0.0
train,35,33,28,33,33,1,5,5,1,0,0.0
train,48,46,36,46,46,1,10,10,1,0,0.0
train,10,8,6,8,1,1,2,2,0,0,0.0
train,17,15,8,15,15,1,7,7,1,0,0.0
train,27,25,21,25,25,1,4,4,1,0,0.0
train,10,8,7,8,1,1,1,1,0,0,0.0
train,29,27,21,27,27,1,6,6,1,0,0.0
train,22,20,18,20,20,1,2,2,1,0,0.0
train,13,11,10,11,11,1,1,1,1,0,0.0
train,23,21,16,21,21,1,5,5,1,0,0.0
train,30,28,24,28,28,1,4,4,1,0,0.0
train,23,21,16,21,21,1,5,5,1,0,0.0
train,24,22,20,22,22,1,2,2,1,0,0.0
train,21,19,17,19,7,1,2,2,0,0,0.0
train,9,7,6,7,7,1,1,1,1,0,0.0
train,27,25,21,25,25,1,4,4,1,0,0.0
train,9,7,5,7,7,1,2,2,1,0,0.0
train,9,7,7,7,7,1,0,0,1,0,0.0
train,17,15,15,15,15,1,0,0,1,0,0.0
train,25,23,23,23,23,1,0,0,1,0,0.0
train,46,44,41,44,44,1,3,3,1,0,0.0
train,20,18,15,18,18,1,3,3,1,0,0.0
train,23,21,18,21,21,1,3,3,1,0,0.0
train,50,48,35,48,48,1,13,13,1,0,0.0
train,19,17,9,17,17,1,8,8,1,0,0.0
train,29,27,21,27,27,1,6,6,1,0,0.0
train,50,48,63,48,48,1,7,0,1,1,0.23809523809523814
train,21,19,16,19,19,1,3,3,1,0,0.0
train,37,35,33,35,35,1,2,2,1,0,0.0
train,37,35,31,35,35,1,4,4,1,0,0.0
train,23,21,17,21,21,1,4,4,1,0,0.0
train,41,39,35,39,39,1,4,4,1,0,0.0
train,29,27,26,27,27,1,1,1,1,0,0.0
train,8,6,6,6,1,1,0,0,0,0,0.0
train,16,14,13,14,4,1,1,1,0,0,0.0
train,14,12,11,12,6,1,1,1,0,0,0.0
train,18,16,12,16,16,1,4,4,1,0,0.0
train,14,12,9,12,12,1,3,3,1,0,0.0
train,39,37,34,37,37,1,3,3,1,0,0.0
train,21,19,14,19,19,1,5,5,1,0,0.0
train,27,25,21,25,18,1,4,4,0,0,0.0
train,50,48,57,48,48,1,12,0,1,1,0.1578947368421053
train,36,34,28,34,34,1,6,6,1,0,0.0
train,17,15,15,15,15,1,0,0,1,0,0.0
train,24,22,21,22,12,1,1,1,0,0,0.0
train,26,24,21,24,24,1,3,3,1,0,0.0
train,27,25,21,25,25,1,4,4,1,0,0.0
train,20,18,16,18,18,1,2,2,1,0,0.0
train,50,48,59,48,48,1,7,0,1,1,0.18644067796610164
train,21,19,18,19,5,1,1,1,0,0,0.0
train,17,15,13,15,15,1,2,2,1,0,0.0
train,32,30,25,30,30,1,5,5,1,0,0.0
train,24,22,16,22,0,1,6,6,0,0,0.0
train,35,33,24,33,33,1,9,9,1,0,0.0
train,25,23,19,23,0,1,4,4,0,0,0.0
train,17,15,14,15,11,1,1,1,0,0,0.0
train,31,29,20,29,0,1,9,9,0,0,0.0
train,36,34,27,34,34,1,7,7,1,0,0.0
train,30,28,22,28,13,1,6,6,0,0,0.0
train,12,10,8,10,0,1,2,2,0,0,0.0
train,36,34,29,34,34,1,5,5,1,0,0.0
train,14,12,11,12,12,1,1,1,1,0,0.0
train,17,15,12,15,15,1,3,3,1,0,0.0
train,18,16,13,16,16,1,3,3,1,0,0.0
train,49,47,27,47,47,1,20,20,1,0,0.0
train,33,31,21,31,31,1,10,10,1,0,0.0
train,29,27,23,27,27,1,4,4,1,0,0.0
train,50,48,52,48,48,1,5,0,1,1,0.07692307692307687
train,48,46,37,46,46,1,9,9,1,0,0.0
train,39,37,33,37,37,1,4,4,1,0,0.0
train,37,35,26,35,35,1,9,9,1,0,0.0
train,43,41,35,41,41,1,6,6,1,0,0.0
train,15,13,13,13,13,1,0,0,1,0,0.0
train,32,30,22,30,30,1,8,8,1,0,0.0
train,14,12,11,12,12,1,1,1,1,0,0.0
train,39,37,30,37,37,1,7,7,1,0,0.0
train,21,19,18,19,19,1,1,1,1,0,0.0
train,50,48,36,48,48,1,14,12,1,0,0.0
train,22,20,19,20,20,1,1,1,1,0,0.0
train,40,38,28,38,38,1,10,10,1,0,0.0
train,25,23,20,23,23,1,3,3,1,0,0.0
train,7,5,5,5,5,1,0,0,1,0,0.0
train,8,6,5,6,6,1,1,1,1,0,0.0
train,14,12,12,12,12,1,0,0,1,0,0.0
train,24,22,15,22,22,1,7,7,1,0,0.0
train,28,26,22,26,26,1,4,4,1,0,0.0
train,17,15,14,15,15,1,1,1,1,0,0.0
train,44,42,37,42,33,1,5,5,0,0,0.0
train,27,25,22,25,25,1,3,3,1,0,0.0
train,30,28,23,28,28,1,5,5,1,0,0.0
train,40,38,33,38,38,1,5,5,1,0,0.0
train,22,20,18,20,20,1,2,2,1,0,0.0
train,20,18,18,18,18,1,0,0,1,0,0.0
train,27,25,23,25,25,1,2,2,1,0,0.0
train,23,21,17,21,21,1,4,4,1,0,0.0
train,30,28,21,28,28,1,7,7,1,0,0.0
train,16,14,14,14,1,1,0,0,0,0,0.0
train,37,35,21,35,35,1,14,14,1,0,0.0
train,23,21,19,21,11,1,2,2,0,0,0.0
train,15,13,13,13,13,1,0,0,1,0,0.0
train,8,6,4,6,6,1,2,2,1,0,0.0
train,50,48,43,48,46,1,9,5,0,0,0.0
train,20,18,13,18,18,1,5,5,1,0,0.0
train,25,23,19,23,23,1,4,4,1,0,0.0
train,25,23,22,23,22,1,1,1,0,0,0.0
train,22,20,16,20,20,1,4,4,1,0,0.0
train,37,35,30,35,35,1,5,5,1,0,0.0
train,15,13,12,13,13,1,1,1,1,0,0.0
train,21,19,17,19,19,1,2,2,1,0,0.0
train,17,15,11,15,15,1,4,4,1,0,0.0
train,27,25,24,25,25,1,1,1,1,0,0.0
train,35,33,30,33,33,1,3,3,1,0,0.0
train,19,17,13,17,17,1,4,4,1,0,0.0
train,17,15,9,15,15,1,6,6,1,0,0.0
train,18,16,12,16,16,1,4,4,1,0,0.0
train,25,23,19,23,23,1,4,4,1,0,0.0
train,35,33,31,33,33,1,2,2,1,0,0.0
train,20,18,15,18,18,1,3,3,1,0,0.0
train,50,48,39,48,48,1,22,9,1,0,0.0
train,35,33,27,33,33,1,6,6,1,0,0.0
train,17,15,12,15,0,1,3,3,0,0,0.0
train,11,9,9,9,9,1,0,0,1,0,0.0
train,32,30,28,30,30,1,2,2,1,0,0.0
train,24,22,19,22,22,1,3,3,1,0,0.0
train,15,13,10,13,13,1,3,3,1,0,0.0
train,42,40,35,40,40,1,5,5,1,0,0.0
train,50,48,35,48,48,1,13,13,1,0,0.0
train,9,7,7,7,7,1,0,0,1,0,0.0
train,26,24,20,24,24,1,4,4,1,0,0.0
train,16,14,11,14,14,1,3,3,1,0,0.0
train,16,14,13,14,14,1,1,1,1,0,0.0
train,6,4,4,4,4,1,0,0,1,0,0.0
train,20,18,16,18,18,1,2,2,1,0,0.0
train,28,26,21,26,26,1,5,5,1,0,0.0
train,12,10,9,10,10,1,1,1,1,0,0.0
train,22,20,19,20,20,1,1,1,1,0,0.0
train,16,14,12,14,13,1,2,2,0,0,0.0
train,13,11,10,11,11,1,1,1,1,0,0.0
train,14,12,11,12,12,1,1,1,1,0,0.0
train,26,24,18,24,24,1,6,6,1,0,0.0
train,23,21,17,21,21,1,4,4,1,0,0.0
train,29,27,19,27,27,1,8,8,1,0,0.0
train,22,20,15,20,20,1,5,5,1,0,0.0
train,20,18,15,18,18,1,3,3,1,0,0.0
train,20,18,14,18,18,1,4,4,1,0,0.0
train,26,24,17,24,24,1,7,7,1,0,0.0
train,18,16,13,16,16,1,3,3,1,0,0.0
train,21,19,17,19,19,1,2,2,1,0,0.0
train,40,38,26,38,38,1,12,12,1,0,0.0
train,44,42,33,42,42,1,9,9,1,0,0.0
train,18,16,12,16,16,1,4,4,1,0,0.0
train,27,25,18,25,25,1,7,7,1,0,0.0
train,32,30,25,30,30,1,5,5,1,0,0.0
train,18,16,13,16,16,1,3,3,1,0,0.0
train,46,44,39,44,44,1,5,5,1,0,0.0
train,19,17,15,17,17,1,2,2,1,0,0.0
train,36,34,29,34,11,1,5,5,0,0,0.0
train,10,8,7,8,8,1,1,1,1,0,0.0
train,39,37,32,37,37,1,5,5,1,0,0.0
train,23,21,15,21,21,1,6,6,1,0,0.0
train,31,29,26,29,29,1,3,3,1,0,0.0
train,14,12,9,12,12,1,3,3,1,0,0.0
train,11,9,9,9,9,1,0,0,1,0,0.0
train,15,13,13,13,12,1,0,0,0,0,0.0
train,49,47,42,47,41,1,5,5,0,0,0.0
train,16,14,13,14,14,1,1,1,1,0,0.0
train,15,13,11,13,13,1,2,2,1,0,0.0
train,18,16,13,16,16,1,3,3,1,0,0.0
train,26,24,19,24,24,1,5,5,1,0,0.0
train,33,31,29,31,31,1,2,2,1,0,0.0
train,28,26,22,26,26,1,4,4,1,0,0.0
train,27,25,21,25,25,1,4,4,1,0,0.0
train,29,27,26,27,27,1,1,1,1,0,0.0
train,23,21,20,21,21,1,1,1,1,0,0.0
train,17,15,14,15,15,1,1,1,1,0,0.0
train,38,36,34,36,36,1,2,2,1,0,0.0
train,24,22,21,22,22,1,1,1,1,0,0.0
train,41,39,30,39,39,1,9,9,1,0,0.0
train,10,8,7,8,8,1,1,1,1,0,0.0
train,28,26,22,26,26,1,4,4,1,0,0.0
train,50,48,45,48,48,1,7,3,1,0,0.0
train,8,6,6,6,6,1,0,0,1,0,0.0
train,20,18,16,18,18,1,2,2,1,0,0.0
train,35,33,28,33,33,1,5,5,1,0,0.0
train,35,33,23,33,33,1,10,10,1,0,0.0
train,33,31,25,31,31,1,6,6,1,0,0.0
train,17,15,13,15,12,1,2,2,0,0,0.0
train,17,15,13,15,15,1,2,2,1,0,0.0
train,21,19,16,19,19,1,3,3,1,0,0.0
train,34,32,28,32,32,1,4,4,1,0,0.0
train,10,8,8,8,8,1,0,0,1,0,0.0
train,26,24,22,24,24,1,2,2,1,0,0.0
train,22,20,17,20,7,1,3,3,0,0,0.0
train,10,8,8,8,3,1,0,0,0,0,0.0
train,11,9,7,9,9,1,2,2,1,0,0.0
train,33,31,26,31,31,1,5,5,1,0,0.0
train,23,21,17,21,7,1,4,4,0,0,0.0
train,36,34,25,34,0,1,9,9,0,0,0.0
train,23,21,17,21,21,1,4,4,1,0,0.0
train,12,10,10,10,10,1,0,0,1,0,0.0
train,11,9,9,9,9,1,0,0,1,0,0.0
train,23,21,13,21,21,1,8,8,1,0,0.0
train,20,18,16,18,18,1,2,2,1,0,0.0
train,20,18,17,18,18,1,1,1,1,0,0.0
train,28,26,25,26,26,1,1,1,1,0,0.0
train,31,29,23,29,29,1,6,6,1,0,0.0
train,12,10,10,10,10,1,0,0,1,0,0.0
train,35,33,30,33,33,1,3,3,1,0,0.0
train,14,12,12,12,12,1,0,0,1,0,0.0
train,16,14,13,14,14,1,1,1,1,0,0.0
train,50,48,35,48,48,1,13,13,1,0,0.0
train,50,48,44,48,48,1,10,4,1,0,0.0
train,15,13,12,13,13,1,1,1,1,0,0.0
train,28,26,20,26,26,1,6,6,1,0,0.0
train,42,40,27,40,31,1,13,13,0,0,0.0
train,32,30,26,30,25,1,4,4,0,0,0.0
train,24,22,22,22,22,1,0,0,1,0,0.0
train,9,7,7,7,7,1,0,0,1,0,0.0
train,49,47,41,47,47,1,6,6,1,0,0.0
train,34,32,30,32,32,1,2,2,1,0,0.0
train,17,15,11,15,15,1,4,4,1,0,0.0
train,50,48,47,48,48,1,10,1,1,0,0.0
train,20,18,16,18,18,1,2,2,1,0,0.0
train,19,17,16,17,17,1,1,1,1,0,0.0
train,13,11,10,11,0,1,1,1,0,0,0.0
train,31,29,24,29,29,1,5,5,1,0,0.0
train,50,48,51,48,39,1,10,0,0,1,0.05882352941176472
train,19,17,12,17,17,1,5,5,1,0,0.0
train,50,48,57,48,48,1,2,0,1,1,0.1578947368421053
train,9,7,7,7,0,1,0,0,0,0,0.0
train,13,11,9,11,1,1,2,2,0,0,0.0
train,8,6,6,6,3,1,0,0,0,0,0.0
train,20,18,13,18,18,1,5,5,1,0,0.0
train,24,22,16,22,22,1,6,6,1,0,0.0
train,26,24,20,24,24,1,4,4,1,0,0.0
train,19,17,15,17,0,1,2,2,0,0,0.0
train,23,21,18,21,21,1,3,3,1,0,0.0
train,19,17,15,17,0,1,2,2,0,0,0.0
train,50,48,88,48,48,1,6,0,1,1,0.4545454545454546
train,27,25,23,25,25,1,2,2,1,0,0.0
train,7,5,5,5,5,1,0,0,1,0,0.0
train,50,48,52,48,48,1,5,0,1,1,0.07692307692307687
train,50,48,46,48,48,1,5,2,1,0,0.0
train,27,25,18,25,25,1,7,7,1,0,0.0
train,24,22,16,22,22,1,6,6,1,0,0.0
train,31,29,19,29,29,1,10,10,1,0,0.0
train,18,16,13,16,16,1,3,3,1,0,0.0
train,33,31,26,31,31,1,5,5,1,0,0.0
train,46,44,34,44,44,1,10,10,1,0,0.0
train,26,24,18,24,24,1,6,6,1,0,0.0
train,50,48,44,48,48,1,4,4,1,0,0.0
train,23,21,17,21,21,1,4,4,1,0,0.0
train,17,15,14,15,15,1,1,1,1,0,0.0
train,11,9,7,9,9,1,2,2,1,0,0.0
train,21,19,16,19,19,1,3,3,1,0,0.0
train,12,10,8,10,10,1,2,2,1,0,0.0
train,32,30,23,30,30,1,7,7,1,0,0.0
train,25,23,18,23,23,1,5,5,1,0,0.0
train,19,17,14,17,17,1,3,3,1,0,0.0
train,21,19,18,19,19,1,1,1,1,0,0.0
train,22,20,13,20,20,1,7,7,1,0,0.0
train,24,22,19,22,22,1,3,3,1,0,0.0
train,50,48,43,48,48,1,8,5,1,0,0.0
train,41,39,28,39,39,1,11,11,1,0,0.0
train,48,46,38,46,46,1,8,8,1,0,0.0
train,30,28,24,28,28,1,4,4,1,0,0.0
train,30,28,25,28,28,1,3,3,1,0,0.0
train,27,25,21,25,0,1,4,4,0,0,0.0
train,16,14,14,14,0,1,0,0,0,0,0.0
train,50,48,42,48,48,1,10,6,1,0,0.0
train,50,48,47,48,48,1,17,1,1,0,0.0
train,26,24,22,24,24,1,2,2,1,0,0.0
train,15,13,12,13,13,1,1,1,1,0,0.0
train,38,36,35,36,36,1,1,1,1,0,0.0
train,22,20,12,20,20,1,8,8,1,0,0.0
train,9,7,7,7,7,1,0,0,1,0,0.0
train,28,26,24,26,1,1,2,2,0,0,0.0
train,27,25,22,25,25,1,3,3,1,0,0.0
train,28,26,21,26,26,1,5,5,1,0,0.0
train,11,9,9,9,9,1,0,0,1,0,0.0
train,17,15,13,15,15,1,2,2,1,0,0.0
train,9,7,5,7,0,1,2,2,0,0,0.0
train,30,28,24,28,0,1,4,4,0,0,0.0
train,13,11,9,11,11,1,2,2,1,0,0.0
train,18,16,16,16,16,1,0,0,1,0,0.0
train,40,38,31,38,22,1,7,7,0,0,0.0
train,22,20,17,20,20,1,3,3,1,0,0.0
train,50,48,47,48,48,1,8,1,1,0,0.0
train,24,22,21,22,22,1,1,1,1,0,0.0
train,14,12,10,12,9,1,2,2,0,0,0.0
train,22,20,14,20,0,1,6,6,0,0,0.0
train,13,11,8,11,11,1,3,3,1,0,0.0
train,17,15,10,15,15,1,5,5,1,0,0.0
train,10,8,8,8,1,1,0,0,0,0,0.0
train,12,10,10,10,5,1,0,0,0,0,0.0
train,25,23,22,23,23,1,1,1,1,0,0.0
train,35,33,27,33,33,1,6,6,1,0,0.0
train,31,29,19,29,29,1,10,10,1,0,0.0
train,18,16,13,16,16,1,3,3,1,0,0.0
train,17,15,8,15,15,1,7,7,1,0,0.0
train,34,32,22,32,32,1,10,10,1,0,0.0
train,23,21,18,21,21,1,3,3,1,0,0.0
train,37,35,31,35,35,1,4,4,1,0,0.0
train,17,15,14,15,15,1,1,1,1,0,0.0
train,30,28,26,28,28,1,2,2,1,0,0.0
train,50,48,35,48,48,1,14,13,1,0,0.0
train,9,7,7,7,0,1,0,0,0,0,0.0
train,20,18,17,18,18,1,1,1,1,0,0.0
train,24,22,18,22,22,1,4,4,1,0,0.0
train,18,16,14,16,16,1,2,2,1,0,0.0
train,50,48,45,48,48,1,8,3,1,0,0.0
train,26,24,19,24,24,1,5,5,1,0,0.0
train,26,24,22,24,13,1,2,2,0,0,0.0
train,42,40,31,40,40,1,9,9,1,0,0.0
train,32,30,23,30,30,1,7,7,1,0,0.0
train,50,48,58,48,48,1,12,0,1,1,0.1724137931034483
train,14,12,11,12,12,1,1,1,1,0,0.0
train,22,20,16,20,20,1,4,4,1,0,0.0
train,9,7,7,7,0,1,0,0,0,0,0.0
train,7,5,5,5,5,1,0,0,1,0,0.0
train,16,14,10,14,14,1,4,4,1,0,0.0
train,18,16,15,16,13,1,1,1,0,0,0.0
train,33,31,29,31,31,1,2,2,1,0,0.0
train,33,31,28,31,31,1,3,3,1,0,0.0
train,15,13,13,13,13,1,0,0,1,0,0.0
train,10,8,7,8,8,1,1,1,1,0,0.0
train,31,29,27,29,29,1,2,2,1,0,0.0
train,21,19,16,19,9,1,3,3,0,0,0.0
train,21,19,17,19,19,1,2,2,1,0,0.0
train,50,48,47,48,48,1,6,1,1,0,0.0
train,20,18,16,18,18,1,2,2,1,0,0.0
train,17,15,11,15,15,1,4,4,1,0,0.0
train,18,16,12,16,16,1,4,4,1,0,0.0
train,30,28,24,28,28,1,4,4,1,0,0.0
train,15,13,12,13,13,1,1,1,1,0,0.0
train,36,34,28,34,1,1,6,6,0,0,0.0
train,21,19,15,19,19,1,4,4,1,0,0.0
train,18,16,15,16,16,1,1,1,1,0,0.0
train,21,19,16,19,19,1,3,3,1,0,0.0
train,33,31,28,31,31,1,3,3,1,0,0.0
train,27,25,21,25,25,1,4,4,1,0,0.0
train,37,35,29,35,35,1,6,6,1,0,0.0
train,50,48,47,48,48,1,7,1,1,0,0.0
train,18,16,13,16,16,1,3,3,1,0,0.0
train,17,15,14,15,15,1,1,1,1,0,0.0
train,11,9,9,9,9,1,0,0,1,0,0.0
train,16,14,14,14,14,1,0,0,1,0,0.0
train,32,30,28,30,30,1,2,2,1,0,0.0
train,13,11,11,11,11,1,0,0,1,0,0.0
train,29,27,26,27,27,1,1,1,1,0,0.0
train,29,27,22,27,27,1,5,5,1,0,0.0
train,30,28,23,28,28,1,5,5,1,0,0.0
train,48,46,34,46,31,1,12,12,0,0,0.0
train,13,11,11,11,11,1,0,0,1,0,0.0
train,20,18,15,18,18,1,3,3,1,0,0.0
train,32,30,27,30,12,1,3,3,0,0,0.0
train,50,48,46,48,0,1,3,2,0,0,0.0
train,45,43,34,43,43,1,9,9,1,0,0.0
train,26,24,18,24,24,1,6,6,1,0,0.0
train,38,36,34,36,36,1,2,2,1,0,0.0
train,34,32,29,32,32,1,3,3,1,0,0.0
train,43,41,36,41,41,1,5,5,1,0,0.0
train,26,24,21,24,24,1,3,3,1,0,0.0
train,14,12,10,12,6,1,2,2,0,0,0.0
train,12,10,8,10,10,1,2,2,1,0,0.0
train,23,21,12,21,3,1,9,9,0,0,0.0
train,19,17,15,17,2,1,2,2,0,0,0.0
train,22,20,14,20,20,1,6,6,1,0,0.0
train,50,48,43,48,48,1,6,5,1,0,0.0
train,23,21,18,21,21,1,3,3,1,0,0.0
train,13,11,10,11,11,1,1,1,1,0,0.0
train,46,44,36,44,44,1,8,8,1,0,0.0
train,17,15,14,15,15,1,1,1,1,0,0.0
train,49,47,41,47,47,1,6,6,1,0,0.0
train,43,41,34,41,41,1,7,7,1,0,0.0
train,25,23,18,23,23,1,5,5,1,0,0.0
train,33,31,27,31,31,1,4,4,1,0,0.0
train,22,20,12,20,20,1,8,8,1,0,0.0
train,27,25,23,25,18,1,2,2,0,0,0.0
train,16,14,11,14,14,1,3,3,1,0,0.0
train,50,48,55,48,48,1,13,0,1,1,0.12727272727272732
train,15,13,12,13,13,1,1,1,1,0,0.0
train,50,48,39,48,48,1,11,9,1,0,0.0
train,50,48,42,48,48,1,7,6,1,0,0.0
train,16,14,12,14,14,1,2,2,1,0,0.0
train,23,21,16,21,21,1,5,5,1,0,0.0
train,14,12,12,12,12,1,0,0,1,0,0.0
train,7,5,5,5,5,1,0,0,1,0,0.0
train,9,7,7,7,7,1,0,0,1,0,0.0
train,36,34,27,34,34,1,7,7,1,0,0.0
train,28,26,21,26,26,1,5,5,1,0,0.0
train,30,28,21,28,28,1,7,7,1,0,0.0
train,46,44,34,44,44,1,10,10,1,0,0.0
train,33,31,27,31,31,1,4,4,1,0,0.0
train,46,44,39,44,40,1,5,5,0,0,0.0
train,21,19,18,19,16,1,1,1,0,0,0.0
train,40,38,34,38,38,1,4,4,1,0,0.0
train,28,26,18,26,23,1,8,8,0,0,0.0
train,17,15,14,15,15,1,1,1,1,0,0.0
train,50,48,38,48,48,1,13,10,1,0,0.0
train,10,8,7,8,8,1,1,1,1,0,0.0
train,14,12,12,12,9,1,0,0,0,0,0.0
train,11,9,9,9,8,1,0,0,0,0,0.0
train,36,34,31,34,34,1,3,3,1,0,0.0
train,15,13,13,13,13,1,0,0,1,0,0.0
train,50,48,58,48,48,1,6,0,1,1,0.1724137931034483
train,36,34,26,34,34,1,8,8,1,0,0.0
train,31,29,25,29,29,1,4,4,1,0,0.0
train,39,37,29,37,37,1,8,8,1,0,0.0
train,13,11,9,11,3,1,2,2,0,0,0.0
train,11,9,9,9,9,1,0,0,1,0,0.0
train,9,7,7,7,0,1,0,0,0,0,0.0
train,50,48,49,48,48,1,7,0,1,0,0.0
train,23,21,21,21,21,1,0,0,1,0,0.0
train,19,17,15,17,17,1,2,2,1,0,0.0
train,30,28,22,28,28,1,6,6,1,0,0.0
train,23,21,15,21,21,1,6,6,1,0,0.0
train,50,48,58,48,48,1,3,0,1,1,0.1724137931034483
train,47,45,38,45,45,1,7,7,1,0,0.0
train,15,13,12,13,13,1,1,1,1,0,0.0
train,15,13,11,13,13,1,2,2,1,0,0.0
train,38,36,28,36,36,1,8,8,1,0,0.0
train,12,10,5,10,10,1,5,5,1,0,0.0
train,23,21,20,21,21,1,1,1,1,0,0.0
train,16,14,13,14,14,1,1,1,1,0,0.0
train,23,21,17,21,21,1,4,4,1,0,0.0
train,20,18,17,18,18,1,1,1,1,0,0.0
train,29,27,20,27,27,1,7,7,1,0,0.0
train,13,11,9,11,11,1,2,2,1,0,0.0
train,25,23,19,23,23,1,4,4,1,0,0.0
train,33,31,21,31,31,1,10,10,1,0,0.0
train,9,7,7,7,0,1,0,0,0,0,0.0
train,50,48,42,48,48,1,9,6,1,0,0.0
train,25,23,23,23,23,1,0,0,1,0,0.0
train,25,23,23,23,22,1,0,0,0,0,0.0
train,15,13,12,13,13,1,1,1,1,0,0.0
train,11,9,6,9,9,1,3,3,1,0,0.0
train,23,21,20,21,21,1,1,1,1,0,0.0
train,50,48,60,48,48,1,4,0,1,1,0.19999999999999996
train,35,33,20,33,33,1,13,13,1,0,0.0
train,21,19,14,19,19,1,5,5,1,0,0.0
train,16,14,13,14,14,1,1,1,1,0,0.0
train,25,23,20,23,23,1,3,3,1,0,0.0
train,19,17,12,17,17,1,5,5,1,0,0.0
train,13,11,10,11,11,1,1,1,1,0,0.0
train,18,16,13,16,16,1,3,3,1,0,0.0
train,10,8,6,8,8,1,2,2,1,0,0.0
train,17,15,13,15,15,1,2,2,1,0,0.0
train,16,14,12,14,14,1,2,2,1,0,0.0
train,28,26,26,26,26,1,0,0,1,0,0.0
train,15,13,13,13,13,1,0,0,1,0,0.0
train,26,24,21,24,0,1,3,3,0,0,0.0
train,20,18,15,18,18,1,3,3,1,0,0.0
train,19,17,17,17,12,1,0,0,0,0,0.0
train,39,37,29,37,37,1,8,8,1,0,0.0
train,17,15,14,15,6,1,1,1,0,0,0.0
train,13,11,9,11,11,1,2,2,1,0,0.0
train,10,8,6,8,8,1,2,2,1,0,0.0
train,15,13,10,13,13,1,3,3,1,0,0.0
train,25,23,22,23,23,1,1,1,1,0,0.0
train,7,5,5,5,5,1,0,0,1,0,0.0
train,8,6,5,6,0,1,1,1,0,0,0.0
train,21,19,16,19,19,1,3,3,1,0,0.0
train,50,48,48,48,48,1,9,0,1,0,0.0
train,17,15,9,15,15,1,6,6,1,0,0.0
train,50,48,49,48,48,1,7,0,1,0,0.0
train,19,17,12,17,17,1,5,5,1,0,0.0
train,34,32,31,32,32,1,1,1,1,0,0.0
train,10,8,8,8,3,1,0,0,0,0,0.0
train,28,26,24,26,26,1,2,2,1,0,0.0
train,23,21,18,21,21,1,3,3,1,0,0.0
train,27,25,22,25,25,1,3,3,1,0,0.0
train,28,26,19,26,26,1,7,7,1,0,0.0
train,21,19,12,19,19,1,7,7,1,0,0.0
train,27,25,22,25,25,1,3,3,1,0,0.0
train,22,20,17,20,20,1,3,3,1,0,0.0
train,25,23,16,23,23,1,7,7,1,0,0.0
train,23,21,17,21,21,1,4,4,1,0,0.0
train,25,23,16,23,23,1,7,7,1,0,0.0
train,50,48,37,48,47,1,12,11,0,0,0.0
train,17,15,13,15,15,1,2,2,1,0,0.0
train,21,19,10,19,10,1,9,9,0,0,0.0
train,25,23,19,23,12,1,4,4,0,0,0.0
train,18,16,14,16,16,1,2,2,1,0,0.0
train,25,23,16,23,23,1,7,7,1,0,0.0
train,44,42,27,42,42,1,15,15,1,0,0.0
train,38,36,29,36,36,1,7,7,1,0,0.0
train,44,42,26,42,42,1,16,16,1,0,0.0
train,31,29,25,29,29,1,4,4,1,0,0.0
train,12,10,9,10,10,1,1,1,1,0,0.0
train,23,21,17,21,21,1,4,4,1,0,0.0
train,24,22,18,22,22,1,4,4,1,0,0.0
train,13,11,10,11,11,1,1,1,1,0,0.0
train,16,14,11,14,14,1,3,3,1,0,0.0
train,35,33,25,33,33,1,8,8,1,0,0.0
train,16,14,13,14,14,1,1,1,1,0,0.0
train,50,48,56,48,48,1,14,0,1,1,0.1428571428571429
train,19,17,13,17,17,1,4,4,1,0,0.0
train,17,15,14,15,15,1,1,1,1,0,0.0
train,39,37,33,37,37,1,4,4,1,0,0.0
train,27,25,23,25,25,1,2,2,1,0,0.0
train,22,20,16,20,20,1,4,4,1,0,0.0
train,12,10,10,10,10,1,0,0,1,0,0.0
train,18,16,14,16,16,1,2,2,1,0,0.0
train,50,48,46,48,48,1,5,2,1,0,0.0
train,37,35,26,35,35,1,9,9,1,0,0.0
train,48,46,36,46,46,1,10,10,1,0,0.0
train,19,17,16,17,17,1,1,1,1,0,0.0
train,14,12,11,12,12,1,1,1,1,0,0.0
train,11,9,5,9,0,1,4,4,0,0,0.0
train,15,13,11,13,13,1,2,2,1,0,0.0
train,45,43,39,43,43,1,4,4,1,0,0.0
train,21,19,16,19,19,1,3,3,1,0,0.0
train,16,14,13,14,14,1,1,1,1,0,0.0
train,17,15,14,15,15,1,1,1,1,0,0.0
train,18,16,9,16,0,1,7,7,0,0,0.0
train,28,26,24,26,26,1,2,2,1,0,0.0
train,31,29,25,29,29,1,4,4,1,0,0.0
train,26,24,19,24,24,1,5,5,1,0,0.0
train,24,22,21,22,22,1,1,1,1,0,0.0
train,34,32,25,32,32,1,7,7,1,0,0.0
train,24,22,19,22,22,1,3,3,1,0,0.0
train,19,17,15,17,17,1,2,2,1,0,0.0
train,10,8,8,8,8,1,0,0,1,0,0.0
train,50,48,57,48,48,1,6,0,1,1,0.1578947368421053
train,49,47,27,47,47,1,20,20,1,0,0.0
train,36,34,30,34,34,1,4,4,1,0,0.0
train,23,21,19,21,21,1,2,2,1,0,0.0
train,41,39,30,39,39,1,9,9,1,0,0.0
train,26,24,22,24,24,1,2,2,1,0,0.0
train,25,23,22,23,23,1,1,1,1,0,0.0
train,27,25,22,25,25,1,3,3,1,0,0.0
train,9,7,7,7,7,1,0,0,1,0,0.0
train,7,5,5,5,5,1,0,0,1,0,0.0
train,14,12,9,12,12,1,3,3,1,0,0.0
train,21,19,16,19,19,1,3,3,1,0,0.0
train,32,30,26,30,30,1,4,4,1,0,0.0
train,33,31,24,31,31,1,7,7,1,0,0.0
train,43,41,33,41,41,1,8,8,1,0,0.0
train,40,38,28,38,38,1,10,10,1,0,0.0
train,21,19,18,19,19,1,1,1,1,0,0.0
train,29,27,20,27,8,1,7,7,0,0,0.0
train,16,14,14,14,14,1,0,0,1,0,0.0
train,18,16,13,16,16,1,3,3,1,0,0.0
train,21,19,12,19,19,1,7,7,1,0,0.0
train,20,18,13,18,18,1,5,5,1,0,0.0
train,14,12,11,12,12,1,1,1,1,0,0.0
train,15,13,9,13,12,1,4,4,0,0,0.0
train,27,25,17,25,25,1,8,8,1,0,0.0
train,10,8,6,8,8,1,2,2,1,0,0.0
train,23,21,15,21,21,1,6,6,1,0,0.0
train,50,48,51,48,48,1,4,0,1,1,0.05882352941176472
train,33,31,26,31,31,1,5,5,1,0,0.0
train,50,48,49,48,48,1,5,0,1,0,0.0
train,27,25,23,25,3,1,2,2,0,0,0.0
train,21,19,17,19,2,1,2,2,0,0,0.0
train,10,8,8,8,8,1,0,0,1,0,0.0
train,12,10,8,10,10,1,2,2,1,0,0.0
train,12,10,7,10,10,1,3,3,1,0,0.0
train,11,9,9,9,9,1,0,0,1,0,0.0
train,25,23,16,23,23,1,7,7,1,0,0.0
train,41,39,30,39,39,1,9,9,1,0,0.0
train,21,19,14,19,19,1,5,5,1,0,0.0
train,21,19,16,19,19,1,3,3,1,0,0.0
train,10,8,8,8,8,1,0,0,1,0,0.0
train,27,25,24,25,25,1,1,1,1,0,0.0
train,23,21,18,21,21,1,3,3,1,0,0.0
train,16,14,13,14,14,1,1,1,1,0,0.0
train,15,13,12,13,13,1,1,1,1,0,0.0
train,26,24,21,24,24,1,3,3,1,0,0.0
train,21,19,15,19,19,1,4,4,1,0,0.0
train,36,34,23,34,34,1,11,11,1,0,0.0
train,23,21,19,21,21,1,2,2,1,0,0.0
train,50,48,60,48,47,1,4,0,0,1,0.19999999999999996
train,25,23,18,23,23,1,5,5,1,0,0.0
train,42,40,37,40,40,1,3,3,1,0,0.0
train,39,37,31,37,37,1,6,6,1,0,0.0
train,13,11,11,11,11,1,0,0,1,0,0.0
train,18,16,14,16,16,1,2,2,1,0,0.0
train,19,17,14,17,17,1,3,3,1,0,0.0
train,9,7,6,7,7,1,1,1,1,0,0.0
train,13,11,11,11,11,1,0,0,1,0,0.0
train,18,16,9,16,16,1,7,7,1,0,0.0
train,13,11,8,11,11,1,3,3,1,0,0.0
train,23,21,18,21,21,1,3,3,1,0,0.0
train,23,21,16,21,21,1,5,5,1,0,0.0
train,13,11,8,11,11,1,3,3,1,0,0.0
train,16,14,10,14,14,1,4,4,1,0,0.0
train,19,17,13,17,17,1,4,4,1,0,0.0
train,11,9,8,9,9,1,1,1,1,0,0.0
train,11,9,9,9,9,1,0,0,1,0,0.0
train,19,17,15,17,17,1,2,2,1,0,0.0
train,9,7,6,7,7,1,1,1,1,0,0.0
train,16,14,13,14,14,1,1,1,1,0,0.0
train,16,14,11,14,14,1,3,3,1,0,0.0
train,11,9,9,9,9,1,0,0,1,0,0.0
train,18,16,14,16,16,1,2,2,1,0,0.0
train,18,16,14,16,16,1,2,2,1,0,0.0
train,30,28,24,28,28,1,4,4,1,0,0.0
train,50,48,51,48,48,1,4,0,1,1,0.05882352941176472
train,50,48,39,48,48,1,9,9,1,0,0.0
train,25,23,21,23,23,1,2,2,1,0,0.0
train,34,32,29,32,32,1,3,3,1,0,0.0
train,23,21,18,21,21,1,3,3,1,0,0.0
train,24,22,19,22,22,1,3,3,1,0,0.0
train,31,29,24,29,29,1,5,5,1,0,0.0
train,20,18,15,18,18,1,3,3,1,0,0.0
train,25,23,18,23,23,1,5,5,1,0,0.0
train,32,30,26,30,30,1,4,4,1,0,0.0
train,15,13,10,13,13,1,3,3,1,0,0.0
train,16,14,9,14,14,1,5,5,1,0,0.0
train,14,12,11,12,12,1,1,1,1,0,0.0
train,17,15,15,15,15,1,0,0,1,0,0.0
train,21,19,17,19,19,1,2,2,1,0,0.0
train,10,8,6,8,8,1,2,2,1,0,0.0
train,11,9,8,9,9,1,1,1,1,0,0.0
train,21,19,18,19,19,1,1,1,1,0,0.0
train,16,14,10,14,14,1,4,4,1,0,0.0
train,23,21,20,21,21,1,1,1,1,0,0.0
train,25,23,16,23,23,1,7,7,1,0,0.0
train,22,20,17,20,20,1,3,3,1,0,0.0
train,39,37,28,37,37,1,9,9,1,0,0.0
train,50,48,47,48,25,1,7,1,0,0,0.0
train,23,21,19,21,15,1,2,2,0,0,0.0
train,48,46,41,46,43,1,5,5,0,0,0.0
train,26,24,19,24,24,1,5,5,1,0,0.0
train,14,12,10,12,12,1,2,2,1,0,0.0
train,30,28,27,28,28,1,1,1,1,0,0.0
train,28,26,21,26,26,1,5,5,1,0,0.0
train,20,18,13,18,18,1,5,5,1,0,0.0
train,14,12,12,12,12,1,0,0,1,0,0.0
train,41,39,30,39,39,1,9,9,1,0,0.0
train,36,34,28,34,34,1,6,6,1,0,0.0
train,26,24,22,24,24,1,2,2,1,0,0.0
train,19,17,14,17,17,1,3,3,1,0,0.0
train,20,18,13,18,18,1,5,5,1,0,0.0
train,35,33,29,33,33,1,4,4,1,0,0.0
train,26,24,20,24,24,1,4,4,1,0,0.0
train,50,48,57,48,48,1,7,0,1,1,0.1578947368421053
train,13,11,10,11,11,1,1,1,1,0,0.0
train,23,21,18,21,21,1,3,3,1,0,0.0
train,30,28,24,28,24,1,4,4,0,0,0.0
train,24,22,21,22,22,1,1,1,1,0,0.0
train,35,33,24,33,33,1,9,9,1,0,0.0
train,29,27,23,27,27,1,4,4,1,0,0.0
train,28,26,22,26,26,1,4,4,1,0,0.0
train,15,13,13,13,13,1,0,0,1,0,0.0
train,13,11,11,11,11,1,0,0,1,0,0.0
train,20,18,14,18,18,1,4,4,1,0,0.0
train,8,6,6,6,6,1,0,0,1,0,0.0
train,32,30,30,30,30,1,0,0,1,0,0.0
train,21,19,15,19,19,1,4,4,1,0,0.0
train,26,24,16,24,24,1,8,8,1,0,0.0
train,50,48,51,48,48,1,2,0,1,1,0.05882352941176472
train,17,15,13,15,15,1,2,2,1,0,0.0
train,34,32,20,32,32,1,12,12,1,0,0.0
train,17,15,14,15,15,1,1,1,1,0,0.0
train,44,42,36,42,42,1,6,6,1,0,0.0
train,37,35,28,35,35,1,7,7,1,0,0.0
train,15,13,11,13,13,1,2,2,1,0,0.0
train,35,33,27,33,33,1,6,6,1,0,0.0
train,21,19,13,19,15,1,6,6,0,0,0.0
train,23,21,16,21,21,1,5,5,1,0,0.0
train,47,45,37,45,45,1,8,8,1,0,0.0
train,50,48,72,48,48,1,6,0,1,1,0.33333333333333337
train,20,18,14,18,18,1,4,4,1,0,0.0
train,16,14,13,14,14,1,1,1,1,0,0.0
train,20,18,15,18,18,1,3,3,1,0,0.0
train,22,20,18,20,20,1,2,2,1,0,0.0
train,37,35,26,35,35,1,9,9,1,0,0.0
train,21,19,18,19,17,1,1,1,0,0,0.0
train,38,36,27,36,32,1,9,9,0,0,0.0
train,18,16,15,16,16,1,1,1,1,0,0.0
train,50,48,38,48,48,1,10,10,1,0,0.0
train,34,32,24,32,32,1,8,8,1,0,0.0
train,14,12,11,12,12,1,1,1,1,0,0.0
train,26,24,19,24,24,1,5,5,1,0,0.0
train,28,26,22,26,26,1,4,4,1,0,0.0
train,21,19,12,19,19,1,7,7,1,0,0.0
train,21,19,17,19,19,1,2,2,1,0,0.0
train,16,14,13,14,14,1,1,1,1,0,0.0
train,25,23,20,23,17,1,3,3,0,0,0.0
train,24,22,17,22,20,1,5,5,0,0,0.0
train,19,17,16,17,11,1,1,1,0,0,0.0
train,27,25,20,25,25,1,5,5,1,0,0.0
train,15,13,12,13,13,1,1,1,1,0,0.0
train,29,27,16,27,27,1,11,11,1,0,0.0
train,48,46,38,46,46,1,8,8,1,0,0.0
train,28,26,15,26,26,1,11,11,1,0,0.0
train,28,26,20,26,26,1,6,6,1,0,0.0
train,23,21,16,21,21,1,5,5,1,0,0.0
train,50,48,48,48,48,1,1,0,1,0,0.0
train,13,11,9,11,11,1,2,2,1,0,0.0
train,20,18,16,18,18,1,2,2,1,0,0.0
train,15,13,12,13,13,1,1,1,1,0,0.0
train,48,46,39,46,46,1,7,7,1,0,0.0
train,49,47,35,47,47,1,12,12,1,0,0.0
train,35,33,32,33,33,1,1,1,1,0,0.0
train,21,19,18,19,19,1,1,1,1,0,0.0
train,24,22,20,22,22,1,2,2,1,0,0.0
train,26,24,21,24,24,1,3,3,1,0,0.0
train,16,14,14,14,14,1,0,0,1,0,0.0
train,17,15,11,15,15,1,4,4,1,0,0.0
train,27,25,23,25,25,1,2,2,1,0,0.0
train,27,25,22,25,25,1,3,3,1,0,0.0
train,24,22,17,22,22,1,5,5,1,0,0.0
train,16,14,13,14,14,1,1,1,1,0,0.0
train,48,46,36,46,46,1,10,10,1,0,0.0
train,15,13,10,13,13,1,3,3,1,0,0.0
train,50,48,64,48,48,1,2,0,1,1,0.25
train,23,21,20,21,0,1,1,1,0,0,0.0
train,26,24,21,24,24,1,3,3,1,0,0.0
train,30,28,22,28,28,1,6,6,1,0,0.0
train,15,13,12,13,13,1,1,1,1,0,0.0
train,28,26,18,26,26,1,8,8,1,0,0.0
train,26,24,22,24,24,1,2,2,1,0,0.0
train,21,19,11,19,19,1,8,8,1,0,0.0
train,38,36,28,36,36,1,8,8,1,0,0.0
train,12,10,7,10,10,1,3,3,1,0,0.0
train,8,6,5,6,0,1,1,1,0,0,0.0
train,36,34,24,34,34,1,10,10,1,0,0.0
train,32,30,22,30,30,1,8,8,1,0,0.0
train,26,24,22,24,24,1,2,2,1,0,0.0
train,15,13,9,13,13,1,4,4,1,0,0.0
train,14,12,10,12,12,1,2,2,1,0,0.0
train,28,26,24,26,26,1,2,2,1,0,0.0
train,50,48,51,48,48,1,7,0,1,1,0.05882352941176472
train,12,10,10,10,10,1,0,0,1,0,0.0
train,12,10,9,10,10,1,1,1,1,0,0.0
train,30,28,24,28,28,1,4,4,1,0,0.0
train,46,44,36,44,44,1,8,8,1,0,0.0
train,34,32,24,32,32,1,8,8,1,0,0.0
train,20,18,14,18,18,1,4,4,1,0,0.0
train,44,42,37,42,42,1,5,5,1,0,0.0
train,32,30,23,30,30,1,7,7,1,0,0.0
train,23,21,17,21,21,1,4,4,1,0,0.0
train,25,23,20,23,23,1,3,3,1,0,0.0
train,50,48,35,48,48,1,15,13,1,0,0.0
train,17,15,12,15,15,1,3,3,1,0,0.0
train,46,44,28,44,44,1,16,16,1,0,0.0
train,18,16,16,16,16,1,0,0,1,0,0.0
train,25,23,22,23,23,1,1,1,1,0,0.0
train,20,18,14,18,18,1,4,4,1,0,0.0
train,23,21,19,21,21,1,2,2,1,0,0.0
train,50,48,46,48,48,1,8,2,1,0,0.0
train,34,32,25,32,32,1,7,7,1,0,0.0
train,22,20,16,20,20,1,4,4,1,0,0.0
train,31,29,23,29,28,1,6,6,0,0,0.0
train,39,37,31,37,37,1,6,6,1,0,0.0
train,24,22,19,22,22,1,3,3,1,0,0.0
train,20,18,15,18,18,1,3,3,1,0,0.0
train,23,21,19,21,21,1,2,2,1,0,0.0
train,16,14,13,14,14,1,1,1,1,0,0.0
train,16,14,13,14,14,1,1,1,1,0,0.0
train,30,28,24,28,28,1,4,4,1,0,0.0
train,22,20,19,20,20,1,1,1,1,0,0.0
train,50,48,48,48,48,1,6,0,1,0,0.0
train,12,10,6,10,0,1,4,4,0,0,0.0
train,32,30,25,30,30,1,5,5,1,0,0.0
train,50,48,48,48,48,1,7,0,1,0,0.0
train,16,14,10,14,14,1,4,4,1,0,0.0
train,11,9,8,9,2,1,1,1,0,0,0.0
train,29,27,24,27,1,1,3,3,0,0,0.0
train,16,14,11,14,14,1,3,3,1,0,0.0
train,23,21,16,21,21,1,5,5,1,0,0.0
train,38,36,31,36,36,1,5,5,1,0,0.0
train,21,19,16,19,19,1,3,3,1,0,0.0
train,17,15,13,15,15,1,2,2,1,0,0.0
train,25,23,19,23,23,1,4,4,1,0,0.0
train,18,16,15,16,16,1,1,1,1,0,0.0
train,18,16,11,16,16,1,5,5,1,0,0.0
train,12,10,7,10,10,1,3,3,1,0,0.0
train,19,17,17,17,17,1,0,0,1,0,0.0
train,11,9,6,9,9,1,3,3,1,0,0.0
train,22,20,18,20,20,1,2,2,1,0,0.0
train,13,11,9,11,11,1,2,2,1,0,0.0
train,50,48,69,48,48,1,16,0,1,1,0.30434782608695654
train,29,27,26,27,27,1,1,1,1,0,0.0
train,34,32,25,32,32,1,7,7,1,0,0.0
train,24,22,22,22,22,1,0,0,1,0,0.0
train,30,28,27,28,28,1,1,1,1,0,0.0
train,11,9,5,9,9,1,4,4,1,0,0.0
train,23,21,18,21,21,1,3,3,1,0,0.0
train,20,18,17,18,18,1,1,1,1,0,0.0
train,32,30,25,30,30,1,5,5,1,0,0.0
train,32,30,19,30,30,1,11,11,1,0,0.0
train,50,48,41,48,48,1,7,7,1,0,0.0
train,26,24,21,24,24,1,3,3,1,0,0.0
train,33,31,30,31,31,1,1,1,1,0,0.0
train,13,11,9,11,11,1,2,2,1,0,0.0
train,12,10,9,10,10,1,1,1,1,0,0.0
train,35,33,24,33,33,1,9,9,1,0,0.0
train,50,48,41,48,48,1,9,7,1,0,0.0
train,12,10,9,10,10,1,1,1,1,0,0.0
train,27,25,24,25,25,1,1,1,1,0,0.0
train,50,48,45,48,48,1,3,3,1,0,0.0
train,7,5,4,5,3,1,1,1,0,0,0.0
train,17,15,10,15,15,1,5,5,1,0,0.0
train,12,10,10,10,10,1,0,0,1,0,0.0
train,33,31,23,31,28,1,8,8,0,0,0.0
train,25,23,19,23,23,1,4,4,1,0,0.0
train,24,22,17,22,22,1,5,5,1,0,0.0
train,14,12,12,12,12,1,0,0,1,0,0.0
train,50,48,42,48,48,1,9,6,1,0,0.0
train,40,38,33,38,38,1,5,5,1,0,0.0
train,23,21,19,21,21,1,2,2,1,0,0.0
train,25,23,22,23,15,1,1,1,0,0,0.0
train,21,19,17,19,19,1,2,2,1,0,0.0
train,35,33,29,33,33,1,4,4,1,0,0.0
train,31,29,25,29,29,1,4,4,1,0,0.0
train,46,44,42,44,44,1,2,2,1,0,0.0
train,18,16,14,16,16,1,2,2,1,0,0.0
train,17,15,11,15,15,1,4,4,1,0,0.0
train,44,42,32,42,42,1,10,10,1,0,0.0
train,20,18,13,18,18,1,5,5,1,0,0.0
train,19,17,15,17,17,1,2,2,1,0,0.0
train,19,17,14,17,17,1,3,3,1,0,0.0
train,38,36,34,36,36,1,2,2,1,0,0.0
train,29,27,22,27,27,1,5,5,1,0,0.0
train,22,20,20,20,20,1,0,0,1,0,0.0
train,15,13,12,13,9,1,1,1,0,0,0.0
train,16,14,12,14,14,1,2,2,1,0,0.0
train,19,17,15,17,5,1,2,2,0,0,0.0
train,14,12,11,12,12,1,1,1,1,0,0.0
train,24,22,20,22,22,1,2,2,1,0,0.0
train,14,12,10,12,12,1,2,2,1,0,0.0
train,25,23,17,23,23,1,6,6,1,0,0.0
train,50,48,125,48,48,1,9,0,1,1,0.616
train,28,26,26,26,26,1,0,0,1,0,0.0
train,16,14,13,14,14,1,1,1,1,0,0.0
train,38,36,30,36,36,1,6,6,1,0,0.0
train,10,8,7,8,8,1,1,1,1,0,0.0
train,36,34,29,34,34,1,5,5,1,0,0.0
train,7,5,5,5,5,1,0,0,1,0,0.0
train,22,20,16,20,20,1,4,4,1,0,0.0
train,17,15,12,15,15,1,3,3,1,0,0.0
train,23,21,20,21,21,1,1,1,1,0,0.0
train,31,29,18,29,29,1,11,11,1,0,0.0
train,50,48,59,48,48,1,6,0,1,1,0.18644067796610164
train,17,15,9,15,15,1,6,6,1,0,0.0
train,30,28,26,28,28,1,2,2,1,0,0.0
train,42,40,32,40,40,1,8,8,1,0,0.0
train,18,16,11,16,16,1,5,5,1,0,0.0
train,20,18,17,18,18,1,1,1,1,0,0.0
train,21,19,15,19,19,1,4,4,1,0,0.0
train,28,26,18,26,26,1,8,8,1,0,0.0
train,29,27,22,27,27,1,5,5,1,0,0.0
train,16,14,13,14,14,1,1,1,1,0,0.0
train,24,22,19,22,22,1,3,3,1,0,0.0
train,10,8,5,8,6,1,3,3,0,0,0.0
train,18,16,12,16,16,1,4,4,1,0,0.0
train,17,15,13,15,15,1,2,2,1,0,0.0
train,38,36,29,36,17,1,7,7,0,0,0.0
train,28,26,24,26,26,1,2,2,1,0,0.0
train,22,20,15,20,0,1,5,5,0,0,0.0
train,36,34,26,34,34,1,8,8,1,0,0.0
train,8,6,5,6,6,1,1,1,1,0,0.0
train,24,22,19,22,22,1,3,3,1,0,0.0
train,28,26,24,26,26,1,2,2,1,0,0.0
train,39,37,31,37,37,1,6,6,1,0,0.0
train,29,27,23,27,27,1,4,4,1,0,0.0
train,14,12,8,12,12,1,4,4,1,0,0.0
train,14,12,10,12,12,1,2,2,1,0,0.0
train,18,16,11,16,16,1,5,5,1,0,0.0
train,11,9,8,9,9,1,1,1,1,0,0.0
train,22,20,17,20,20,1,3,3,1,0,0.0
train,35,33,29,33,33,1,4,4,1,0,0.0
train,23,21,18,21,21,1,3,3,1,0,0.0
train,43,41,29,41,41,1,12,12,1,0,0.0
train,30,28,24,28,28,1,4,4,1,0,0.0
train,9,7,6,7,7,1,1,1,1,0,0.0
train,16,14,13,14,14,1,1,1,1,0,0.0
train,19,17,12,17,17,1,5,5,1,0,0.0
train,35,33,28,33,33,1,5,5,1,0,0.0
train,13,11,9,11,11,1,2,2,1,0,0.0
train,30,28,22,28,28,1,6,6,1,0,0.0
train,31,29,28,29,29,1,1,1,1,0,0.0
train,20,18,13,18,18,1,5,5,1,0,0.0
train,24,22,19,22,22,1,3,3,1,0,0.0
train,27,25,19,25,25,1,6,6,1,0,0.0
train,36,34,29,34,9,1,5,5,0,0,0.0
train,16,14,14,14,0,1,0,0,0,0,0.0
train,20,18,10,18,0,1,8,8,0,0,0.0
train,27,25,25,25,25,1,0,0,1,0,0.0
train,26,24,21,24,24,1,3,3,1,0,0.0
train,21,19,16,19,19,1,3,3,1,0,0.0
train,18,16,15,16,16,1,1,1,1,0,0.0
train,29,27,20,27,27,1,7,7,1,0,0.0
train,16,14,12,14,14,1,2,2,1,0,0.0
train,25,23,21,23,21,1,2,2,0,0,0.0
train,11,9,7,9,9,1,2,2,1,0,0.0
train,17,15,8,15,15,1,7,7,1,0,0.0
train,40,38,27,38,38,1,11,11,1,0,0.0
train,22,20,12,20,20,1,8,8,1,0,0.0
train,42,40,28,40,40,1,12,12,1,0,0.0
train,30,28,24,28,28,1,4,4,1,0,0.0
train,16,14,11,14,14,1,3,3,1,0,0.0
train,24,22,16,22,22,1,6,6,1,0,0.0
train,15,13,11,13,13,1,2,2,1,0,0.0
train,21,19,17,19,19,1,2,2,1,0,0.0
train,35,33,30,33,33,1,3,3,1,0,0.0
train,15,13,10,13,13,1,3,3,1,0,0.0
train,18,16,14,16,16,1,2,2,1,0,0.0
train,31,29,27,29,29,1,2,2,1,0,0.0
train,24,22,20,22,22,1,2,2,1,0,0.0
train,16,14,12,14,14,1,2,2,1,0,0.0
train,19,17,14,17,17,1,3,3,1,0,0.0
train,38,36,27,36,36,1,9,9,1,0,0.0
train,28,26,21,26,26,1,5,5,1,0,0.0
train,7,5,5,5,5,1,0,0,1,0,0.0
train,9,7,5,7,7,1,2,2,1,0,0.0
train,50,48,57,48,48,1,3,0,1,1,0.1578947368421053
train,12,10,9,10,10,1,1,1,1,0,0.0
train,15,13,10,13,13,1,3,3,1,0,0.0
train,26,24,16,24,24,1,8,8,1,0,0.0
train,25,23,17,23,23,1,6,6,1,0,0.0
train,22,20,19,20,20,1,1,1,1,0,0.0
train,20,18,14,18,18,1,4,4,1,0,0.0
train,25,23,18,23,23,1,5,5,1,0,0.0
train,23,21,17,21,21,1,4,4,1,0,0.0
train,37,35,25,35,35,1,10,10,1,0,0.0
train,31,29,24,29,29,1,5,5,1,0,0.0
train,19,17,16,17,17,1,1,1,1,0,0.0
train,17,15,15,15,15,1,0,0,1,0,0.0
train,12,10,8,10,10,1,2,2,1,0,0.0
train,24,22,16,22,22,1,6,6,1,0,0.0
train,9,7,7,7,6,1,0,0,0,0,0.0
train,41,39,35,39,39,1,4,4,1,0,0.0
train,50,48,49,48,48,1,8,0,1,0,0.0
train,23,21,21,21,21,1,0,0,1,0,0.0
train,22,20,14,20,20,1,6,6,1,0,0.0
train,31,29,22,29,29,1,7,7,1,0,0.0
train,36,34,25,34,34,1,9,9,1,0,0.0
train,21,19,13,19,19,1,6,6,1,0,0.0
train,9,7,7,7,7,1,0,0,1,0,0.0
train,22,20,18,20,20,1,2,2,1,0,0.0
train,37,35,27,35,35,1,8,8,1,0,0.0
train,35,33,32,33,33,1,1,1,1,0,0.0
train,50,48,62,48,48,1,4,0,1,1,0.22580645161290325
train,40,38,29,38,38,1,9,9,1,0,0.0
train,33,31,27,31,31,1,4,4,1,0,0.0
train,40,38,21,38,38,1,17,17,1,0,0.0
train,20,18,9,18,18,1,9,9,1,0,0.0
train,32,30,20,30,30,1,10,10,1,0,0.0
train,36,34,13,34,34,1,21,21,1,0,0.0
train,47,45,36,45,45,1,9,9,1,0,0.0
train,43,41,32,41,41,1,9,9,1,0,0.0
train,28,26,17,26,26,1,9,9,1,0,0.0
train,25,23,12,23,7,1,11,11,0,0,0.0
train,25,23,19,23,9,1,4,4,0,0,0.0
train,14,12,11,12,12,1,1,1,1,0,0.0
train,19,17,15,17,17,1,2,2,1,0,0.0
train,7,5,5,5,5,1,0,0,1,0,0.0
train,22,20,17,20,20,1,3,3,1,0,0.0
train,12,10,6,10,10,1,4,4,1,0,0.0
train,8,6,6,6,6,1,0,0,1,0,0.0
train,23,21,19,21,21,1,2,2,1,0,0.0
train,50,48,56,48,48,1,3,0,1,1,0.1428571428571429
train,14,12,11,12,12,1,1,1,1,0,0.0
train,16,14,12,14,14,1,2,2,1,0,0.0
train,36,34,28,34,11,1,6,6,0,0,0.0
train,25,23,21,23,23,1,2,2,1,0,0.0
train,50,48,40,48,48,1,9,8,1,0,0.0
train,31,29,22,29,29,1,7,7,1,0,0.0
train,15,13,11,13,13,1,2,2,1,0,0.0
train,50,48,69,48,48,1,3,0,1,1,0.30434782608695654
train,21,19,17,19,11,1,2,2,0,0,0.0
train,50,48,42,48,47,1,8,6,0,0,0.0
train,19,17,13,17,17,1,4,4,1,0,0.0
train,39,37,25,37,37,1,12,12,1,0,0.0
train,31,29,22,29,29,1,7,7,1,0,0.0
train,16,14,12,14,14,1,2,2,1,0,0.0
train,32,30,28,30,30,1,2,2,1,0,0.0
train,50,48,44,48,48,1,4,4,1,0,0.0
train,27,25,21,25,18,1,4,4,0,0,0.0
train,28,26,20,26,26,1,6,6,1,0,0.0
train,27,25,20,25,25,1,5,5,1,0,0.0
train,22,20,19,20,20,1,1,1,1,0,0.0
train,35,33,28,33,33,1,5,5,1,0,0.0
train,18,16,12,16,16,1,4,4,1,0,0.0
train,50,48,44,48,46,1,11,4,0,0,0.0
valid,28,26,22,26,26,1,4,4,1,0,0.0
valid,50,48,53,48,48,1,7,0,1,1,0.09433962264150941
valid,18,16,15,16,16,1,1,1,1,0,0.0
valid,35,33,27,33,33,1,6,6,1,0,0.0
valid,19,17,14,17,17,1,3,3,1,0,0.0
valid,24,22,17,22,22,1,5,5,1,0,0.0
valid,15,13,8,13,13,1,5,5,1,0,0.0
valid,34,32,25,32,32,1,7,7,1,0,0.0
valid,21,19,11,19,19,1,8,8,1,0,0.0
valid,18,16,11,16,16,1,5,5,1,0,0.0
valid,19,17,14,17,10,1,3,3,0,0,0.0
valid,10,8,8,8,8,1,0,0,1,0,0.0
valid,21,19,13,19,19,1,6,6,1,0,0.0
valid,9,7,5,7,7,1,2,2,1,0,0.0
valid,31,29,24,29,29,1,5,5,1,0,0.0
valid,31,29,20,29,29,1,9,9,1,0,0.0
valid,26,24,18,24,24,1,6,6,1,0,0.0
valid,29,27,15,27,27,1,12,12,1,0,0.0
valid,24,22,12,22,22,1,10,10,1,0,0.0
valid,5,3,2,3,3,1,1,1,1,0,0.0
valid,50,48,54,48,48,1,16,0,1,1,0.11111111111111116
valid,28,26,16,26,26,1,10,10,1,0,0.0
valid,12,10,8,10,10,1,2,2,1,0,0.0
valid,11,9,9,9,9,1,0,0,1,0,0.0
valid,14,12,7,12,12,1,5,5,1,0,0.0
valid,3,1,1,1,1,1,0,0,1,0,0.0
valid,34,32,27,32,32,1,5,5,1,0,0.0
valid,11,9,7,9,9,1,2,2,1,0,0.0
valid,26,24,15,24,24,1,9,9,1,0,0.0
valid,17,15,11,15,15,1,4,4,1,0,0.0
valid,26,24,18,24,16,1,6,6,0,0,0.0
valid,17,15,13,15,15,1,2,2,1,0,0.0
valid,31,29,22,29,29,1,7,7,1,0,0.0
valid,13,11,8,11,11,1,3,3,1,0,0.0
valid,9,7,5,7,7,1,2,2,1,0,0.0
valid,50,48,309,48,14,1,11,0,0,1,0.8446601941747574
valid,15,13,11,13,13,1,2,2,1,0,0.0
valid,29,27,21,27,27,1,6,6,1,0,0.0
valid,40,38,31,38,38,1,7,7,1,0,0.0
valid,18,16,10,16,15,1,6,6,0,0,0.0
valid,16,14,10,14,14,1,4,4,1,0,0.0
valid,50,48,57,48,48,1,15,0,1,1,0.1578947368421053
valid,50,48,36,48,48,1,13,12,1,0,0.0
valid,24,22,12,22,22,1,10,10,1,0,0.0
valid,20,18,16,18,18,1,2,2,1,0,0.0
valid,26,24,15,24,24,1,9,9,1,0,0.0
valid,14,12,7,12,12,1,5,5,1,0,0.0
valid,12,10,8,10,10,1,2,2,1,0,0.0
valid,18,16,12,16,16,1,4,4,1,0,0.0
valid,10,8,6,8,8,1,2,2,1,0,0.0
valid,36,34,26,34,34,1,8,8,1,0,0.0
valid,21,19,12,19,14,1,7,7,0,0,0.0
valid,13,11,7,11,11,1,4,4,1,0,0.0
valid,25,23,12,23,23,1,11,11,1,0,0.0
valid,10,8,4,8,8,1,4,4,1,0,0.0
valid,35,33,27,33,33,1,6,6,1,0,0.0
valid,44,42,28,42,42,1,14,14,1,0,0.0
valid,32,30,20,30,30,1,10,10,1,0,0.0
valid,22,20,13,20,20,1,7,7,1,0,0.0
valid,32,30,19,30,30,1,11,11,1,0,0.0
valid,23,21,18,21,21,1,3,3,1,0,0.0
valid,19,17,16,17,17,1,1,1,1,0,0.0
valid,15,13,11,13,4,1,2,2,0,0,0.0
valid,26,24,17,24,22,1,7,7,0,0,0.0
valid,34,32,22,32,27,1,10,10,0,0,0.0
valid,48,46,38,46,42,1,8,8,0,0,0.0
valid,50,48,81,48,44,1,7,0,0,1,0.40740740740740744
valid,14,12,8,12,1,1,4,4,0,0,0.0
valid,29,27,19,27,27,1,8,8,1,0,0.0
valid,15,13,8,13,13,1,5,5,1,0,0.0
valid,26,24,17,24,24,1,7,7,1,0,0.0
valid,4,2,2,2,2,1,0,0,1,0,0.0
valid,19,17,17,17,17,1,0,0,1,0,0.0
valid,50,48,50,48,48,1,13,0,1,0,0.0
valid,8,6,6,6,6,1,0,0,1,0,0.0
valid,34,32,22,32,32,1,10,10,1,0,0.0
valid,35,33,26,33,33,1,7,7,1,0,0.0
valid,14,12,8,12,12,1,4,4,1,0,0.0
valid,29,27,19,27,27,1,8,8,1,0,0.0
valid,9,7,7,7,7,1,0,0,1,0,0.0
valid,50,48,39,48,48,1,13,9,1,0,0.0
valid,17,15,8,15,15,1,7,7,1,0,0.0
valid,50,48,48,48,48,1,9,0,1,0,0.0
valid,11,9,6,9,9,1,3,3,1,0,0.0
valid,47,45,21,45,45,1,24,24,1,0,0.0
valid,21,19,14,19,8,1,5,5,0,0,0.0
valid,10,8,6,8,8,1,2,2,1,0,0.0
valid,14,12,5,12,12,1,7,7,1,0,0.0
valid,20,18,18,18,9,1,0,0,0,0,0.0
valid,15,13,11,13,13,1,2,2,1,0,0.0
valid,30,28,22,28,28,1,6,6,1,0,0.0
valid,29,27,16,27,27,1,11,11,1,0,0.0
valid,50,48,41,48,48,1,9,7,1,0,0.0
valid,21,19,11,19,19,1,8,8,1,0,0.0
valid,50,48,57,48,48,1,16,0,1,1,0.1578947368421053
valid,3,1,1,1,1,1,0,0,1,0,0.0
valid,14,12,8,12,12,1,4,4,1,0,0.0
valid,15,13,9,13,13,1,4,4,1,0,0.0
valid,18,16,16,16,16,1,0,0,1,0,0.0
valid,7,5,5,5,5,1,0,0,1,0,0.0
valid,19,17,13,17,17,1,4,4,1,0,0.0
valid,21,19,18,19,19,1,1,1,1,0,0.0
valid,8,6,4,6,6,1,2,2,1,0,0.0
valid,7,5,5,5,5,1,0,0,1,0,0.0
valid,20,18,11,18,18,1,7,7,1,0,0.0
valid,16,14,11,14,14,1,3,3,1,0,0.0
valid,43,41,29,41,41,1,12,12,1,0,0.0
valid,50,48,42,48,48,1,18,6,1,0,0.0
valid,39,37,29,37,35,1,8,8,0,0,0.0
valid,13,11,8,11,11,1,3,3,1,0,0.0
valid,10,8,6,8,8,1,2,2,1,0,0.0
valid,21,19,11,19,19,1,8,8,1,0,0.0
valid,20,18,13,18,18,1,5,5,1,0,0.0
valid,50,48,57,48,48,1,11,0,1,1,0.1578947368421053
valid,50,48,48,48,48,1,8,0,1,0,0.0
valid,17,15,12,15,15,1,3,3,1,0,0.0
valid,18,16,12,16,16,1,4,4,1,0,0.0
valid,38,36,21,36,36,1,15,15,1,0,0.0
valid,50,48,51,48,48,1,15,0,1,1,0.05882352941176472
valid,36,34,27,34,34,1,7,7,1,0,0.0
valid,5,3,2,3,3,1,1,1,1,0,0.0
valid,21,19,13,19,19,1,6,6,1,0,0.0
valid,34,32,23,32,32,1,9,9,1,0,0.0
valid,15,13,13,13,13,1,0,0,1,0,0.0
valid,38,36,25,36,36,1,11,11,1,0,0.0
valid,13,11,9,11,11,1,2,2,1,0,0.0
valid,13,11,9,11,11,1,2,2,1,0,0.0
valid,28,26,20,26,26,1,6,6,1,0,0.0
valid,19,17,14,17,17,1,3,3,1,0,0.0
valid,20,18,15,18,18,1,3,3,1,0,0.0
valid,34,32,26,32,29,1,6,6,0,0,0.0
valid,26,24,21,24,24,1,3,3,1,0,0.0
valid,8,6,6,6,6,1,0,0,1,0,0.0
valid,12,10,8,10,10,1,2,2,1,0,0.0
valid,17,15,11,15,15,1,4,4,1,0,0.0
valid,50,48,31,48,48,1,22,17,1,0,0.0
valid,39,37,27,37,37,1,10,10,1,0,0.0
valid,24,22,13,22,22,1,9,9,1,0,0.0
valid,50,48,43,48,48,1,14,5,1,0,0.0
valid,38,36,28,36,36,1,8,8,1,0,0.0
valid,48,46,28,46,46,1,18,18,1,0,0.0
valid,37,35,24,35,35,1,11,11,1,0,0.0
valid,49,47,36,47,47,1,11,11,1,0,0.0
valid,45,43,27,43,43,1,16,16,1,0,0.0
valid,32,30,25,30,30,1,5,5,1,0,0.0
valid,5,3,3,3,3,1,0,0,1,0,0.0
valid,48,46,34,46,46,1,12,12,1,0,0.0
valid,25,23,21,23,23,1,2,2,1,0,0.0
valid,35,33,22,33,33,1,11,11,1,0,0.0
valid,50,48,36,48,48,1,12,12,1,0,0.0
valid,10,8,8,8,8,1,0,0,1,0,0.0
valid,20,18,17,18,18,1,1,1,1,0,0.0
valid,19,17,16,17,17,1,1,1,1,0,0.0
valid,18,16,15,16,16,1,1,1,1,0,0.0
valid,20,18,16,18,18,1,2,2,1,0,0.0
valid,27,25,23,25,25,1,2,2,1,0,0.0
valid,22,20,17,20,20,1,3,3,1,0,0.0
valid,26,24,21,24,24,1,3,3,1,0,0.0
valid,9,7,7,7,7,1,0,0,1,0,0.0
valid,18,16,16,16,16,1,0,0,1,0,0.0
valid,25,23,18,23,23,1,5,5,1,0,0.0
valid,27,25,23,25,25,1,2,2,1,0,0.0
valid,18,16,14,16,16,1,2,2,1,0,0.0
valid,10,8,7,8,8,1,1,1,1,0,0.0
valid,10,8,8,8,8,1,0,0,1,0,0.0
valid,23,21,15,21,21,1,6,6,1,0,0.0
valid,41,39,30,39,39,1,9,9,1,0,0.0
valid,41,39,31,39,39,1,8,8,1,0,0.0
valid,30,28,22,28,28,1,6,6,1,0,0.0
valid,50,48,41,48,48,1,24,7,1,0,0.0
valid,36,34,30,34,34,1,4,4,1,0,0.0
valid,35,33,25,33,33,1,8,8,1,0,0.0
valid,50,48,39,48,48,1,13,9,1,0,0.0
valid,35,33,21,33,33,1,12,12,1,0,0.0
valid,24,22,17,22,22,1,5,5,1,0,0.0
valid,21,19,14,19,19,1,5,5,1,0,0.0
valid,22,20,16,20,20,1,4,4,1,0,0.0
valid,31,29,25,29,29,1,4,4,1,0,0.0
valid,17,15,14,15,15,1,1,1,1,0,0.0
valid,14,12,11,12,12,1,1,1,1,0,0.0
valid,24,22,19,22,22,1,3,3,1,0,0.0
valid,36,34,27,34,34,1,7,7,1,0,0.0
valid,32,30,20,30,30,1,10,10,1,0,0.0
valid,18,16,15,16,16,1,1,1,1,0,0.0
valid,24,22,19,22,22,1,3,3,1,0,0.0
valid,22,20,13,20,20,1,7,7,1,0,0.0
valid,50,48,59,48,1,1,10,0,0,1,0.18644067796610164
valid,22,20,19,20,20,1,1,1,1,0,0.0
valid,26,24,18,24,24,1,6,6,1,0,0.0
valid,47,45,33,45,45,1,12,12,1,0,0.0
valid,30,28,25,28,28,1,3,3,1,0,0.0
valid,16,14,11,14,14,1,3,3,1,0,0.0
valid,18,16,14,16,16,1,2,2,1,0,0.0
valid,17,15,14,15,15,1,1,1,1,0,0.0
valid,21,19,19,19,14,1,0,0,0,0,0.0
valid,30,28,27,28,28,1,1,1,1,0,0.0
valid,11,9,9,9,9,1,0,0,1,0,0.0
valid,36,34,28,34,34,1,6,6,1,0,0.0
valid,29,27,22,27,27,1,5,5,1,0,0.0
valid,38,36,25,36,36,1,11,11,1,0,0.0
valid,34,32,24,32,32,1,8,8,1,0,0.0
valid,50,48,41,48,48,1,7,7,1,0,0.0
valid,39,37,35,37,37,1,2,2,1,0,0.0
valid,25,23,16,23,23,1,7,7,1,0,0.0
valid,50,48,38,48,48,1,14,10,1,0,0.0
valid,16,14,12,14,14,1,2,2,1,0,0.0
valid,18,16,15,16,16,1,1,1,1,0,0.0
valid,29,27,21,27,27,1,6,6,1,0,0.0
valid,33,31,23,31,31,1,8,8,1,0,0.0
valid,18,16,12,16,16,1,4,4,1,0,0.0
valid,25,23,18,23,23,1,5,5,1,0,0.0
valid,27,25,25,25,25,1,0,0,1,0,0.0
valid,25,23,17,23,23,1,6,6,1,0,0.0
valid,28,26,17,26,26,1,9,9,1,0,0.0
valid,21,19,18,19,19,1,1,1,1,0,0.0
valid,15,13,12,13,13,1,1,1,1,0,0.0
valid,45,43,38,43,43,1,5,5,1,0,0.0
valid,39,37,27,37,37,1,10,10,1,0,0.0
valid,15,13,11,13,11,1,2,2,0,0,0.0
valid,14,12,12,12,12,1,0,0,1,0,0.0
valid,19,17,15,17,17,1,2,2,1,0,0.0
valid,16,14,11,14,14,1,3,3,1,0,0.0
valid,9,7,7,7,7,1,0,0,1,0,0.0
valid,19,17,13,17,17,1,4,4,1,0,0.0
valid,17,15,10,15,15,1,5,5,1,0,0.0
valid,19,17,9,17,17,1,8,8,1,0,0.0
valid,23,21,13,21,21,1,8,8,1,0,0.0
valid,21,19,15,19,0,1,4,4,0,0,0.0
valid,32,30,23,30,16,1,7,7,0,0,0.0
valid,3,1,1,1,1,1,0,0,1,0,0.0
valid,5,3,3,3,3,1,0,0,1,0,0.0
valid,7,5,5,5,5,1,0,0,1,0,0.0
valid,9,7,5,7,7,1,2,2,1,0,0.0
valid,18,16,8,16,16,1,8,8,1,0,0.0
valid,20,18,14,18,18,1,4,4,1,0,0.0
valid,49,47,40,47,41,1,7,7,0,0,0.0
valid,24,22,17,22,22,1,5,5,1,0,0.0
valid,50,48,57,48,48,1,16,0,1,1,0.1578947368421053
valid,20,18,16,18,18,1,2,2,1,0,0.0
valid,15,13,12,13,13,1,1,1,1,0,0.0
valid,50,48,41,48,48,1,13,7,1,0,0.0
valid,43,41,24,41,41,1,17,17,1,0,0.0
valid,26,24,18,24,24,1,6,6,1,0,0.0
valid,16,14,12,14,14,1,2,2,1,0,0.0
valid,49,47,37,47,47,1,10,10,1,0,0.0
valid,27,25,20,25,25,1,5,5,1,0,0.0
valid,19,17,13,17,3,1,4,4,0,0,0.0
valid,20,18,12,18,18,1,6,6,1,0,0.0
valid,37,35,27,35,34,1,8,8,0,0,0.0
valid,23,21,17,21,21,1,4,4,1,0,0.0
valid,40,38,26,38,38,1,12,12,1,0,0.0
valid,20,18,15,18,18,1,3,3,1,0,0.0
valid,3,1,1,1,1,1,0,0,1,0,0.0
valid,41,39,32,39,39,1,7,7,1,0,0.0
valid,20,18,17,18,18,1,1,1,1,0,0.0
valid,26,24,19,24,24,1,5,5,1,0,0.0
valid,19,17,12,17,17,1,5,5,1,0,0.0
valid,28,26,22,26,26,1,4,4,1,0,0.0
valid,25,23,22,23,23,1,1,1,1,0,0.0
valid,24,22,20,22,22,1,2,2,1,0,0.0
valid,34,32,28,32,32,1,4,4,1,0,0.0
valid,23,21,20,21,21,1,1,1,1,0,0.0
valid,30,28,20,28,28,1,8,8,1,0,0.0
valid,18,16,12,16,16,1,4,4,1,0,0.0
valid,34,32,28,32,32,1,4,4,1,0,0.0
valid,40,38,29,38,38,1,9,9,1,0,0.0
valid,15,13,12,13,13,1,1,1,1,0,0.0
valid,34,32,21,32,2,1,11,11,0,0,0.0
valid,16,14,12,14,3,1,2,2,0,0,0.0
valid,18,16,13,16,16,1,3,3,1,0,0.0
valid,11,9,7,9,9,1,2,2,1,0,0.0
valid,14,12,11,12,12,1,1,1,1,0,0.0
valid,9,7,6,7,7,1,1,1,1,0,0.0
valid,20,18,16,18,18,1,2,2,1,0,0.0
valid,41,39,35,39,22,1,4,4,0,0,0.0
valid,18,16,13,16,16,1,3,3,1,0,0.0
valid,31,29,27,29,29,1,2,2,1,0,0.0
valid,26,24,22,24,24,1,2,2,1,0,0.0
valid,18,16,9,16,16,1,7,7,1,0,0.0
valid,25,23,21,23,23,1,2,2,1,0,0.0
valid,22,20,19,20,14,1,1,1,0,0,0.0
valid,41,39,21,39,39,1,18,18,1,0,0.0
valid,46,44,27,44,44,1,17,17,1,0,0.0
valid,34,32,21,32,32,1,11,11,1,0,0.0
valid,30,28,25,28,28,1,3,3,1,0,0.0
valid,22,20,17,20,20,1,3,3,1,0,0.0
valid,18,16,15,16,16,1,1,1,1,0,0.0
valid,20,18,17,18,18,1,1,1,1,0,0.0
valid,32,30,25,30,30,1,5,5,1,0,0.0
valid,28,26,22,26,26,1,4,4,1,0,0.0
valid,27,25,21,25,25,1,4,4,1,0,0.0
valid,24,22,17,22,22,1,5,5,1,0,0.0
valid,23,21,18,21,15,1,3,3,0,0,0.0
valid,15,13,12,13,13,1,1,1,1,0,0.0
valid,26,24,23,24,24,1,1,1,1,0,0.0
valid,15,13,12,13,13,1,1,1,1,0,0.0
valid,22,20,17,20,20,1,3,3,1,0,0.0
valid,17,15,14,15,15,1,1,1,1,0,0.0
valid,36,34,31,34,34,1,3,3,1,0,0.0
valid,21,19,18,19,19,1,1,1,1,0,0.0
valid,38,36,33,36,36,1,3,3,1,0,0.0
valid,45,43,42,43,43,1,1,1,1,0,0.0
valid,38,36,31,36,36,1,5,5,1,0,0.0
valid,47,45,43,45,35,1,2,2,0,0,0.0
valid,23,21,20,21,21,1,1,1,1,0,0.0
valid,22,20,17,20,20,1,3,3,1,0,0.0
valid,28,26,23,26,26,1,3,3,1,0,0.0
valid,28,26,24,26,26,1,2,2,1,0,0.0
valid,15,13,11,13,13,1,2,2,1,0,0.0
valid,30,28,23,28,28,1,5,5,1,0,0.0
valid,22,20,19,20,20,1,1,1,1,0,0.0
valid,23,21,16,21,21,1,5,5,1,0,0.0
valid,20,18,14,18,18,1,4,4,1,0,0.0
valid,21,19,15,19,19,1,4,4,1,0,0.0
valid,23,21,19,21,0,1,2,2,0,0,0.0
valid,11,9,9,9,9,1,0,0,1,0,0.0
valid,15,13,13,13,0,1,0,0,0,0,0.0
valid,37,35,28,35,3,1,7,7,0,0,0.0
valid,28,26,25,26,26,1,1,1,1,0,0.0
valid,25,23,22,23,23,1,1,1,1,0,0.0
valid,23,21,17,21,5,1,4,4,0,0,0.0
valid,48,46,38,46,46,1,8,8,1,0,0.0
valid,20,18,13,18,18,1,5,5,1,0,0.0
valid,27,25,16,25,25,1,9,9,1,0,0.0
valid,21,19,18,19,19,1,1,1,1,0,0.0
valid,27,25,21,25,25,1,4,4,1,0,0.0
valid,34,32,27,32,32,1,5,5,1,0,0.0
valid,21,19,14,19,19,1,5,5,1,0,0.0
valid,50,48,75,48,4,1,1,0,0,1,0.36
valid,12,10,8,10,10,1,2,2,1,0,0.0
valid,47,45,39,45,45,1,6,6,1,0,0.0
valid,50,48,61,48,48,1,4,0,1,1,0.21311475409836067
valid,27,25,25,25,0,1,0,0,0,0,0.0
valid,16,14,14,14,14,1,0,0,1,0,0.0
valid,50,48,69,48,48,1,4,0,1,1,0.30434782608695654
valid,19,17,14,17,17,1,3,3,1,0,0.0
valid,20,18,15,18,18,1,3,3,1,0,0.0
valid,17,15,13,15,15,1,2,2,1,0,0.0
valid,17,15,13,15,15,1,2,2,1,0,0.0
valid,50,48,46,48,48,1,4,2,1,0,0.0
valid,28,26,20,26,26,1,6,6,1,0,0.0
valid,14,12,12,12,12,1,0,0,1,0,0.0
valid,16,14,13,14,14,1,1,1,1,0,0.0
valid,20,18,12,18,18,1,6,6,1,0,0.0
valid,18,16,13,16,16,1,3,3,1,0,0.0
valid,18,16,12,16,8,1,4,4,0,0,0.0
valid,24,22,15,22,22,1,7,7,1,0,0.0
valid,29,27,24,27,27,1,3,3,1,0,0.0
valid,17,15,14,15,15,1,1,1,1,0,0.0
valid,16,14,13,14,14,1,1,1,1,0,0.0
valid,34,32,26,32,32,1,6,6,1,0,0.0
valid,37,35,30,35,35,1,5,5,1,0,0.0
valid,17,15,12,15,15,1,3,3,1,0,0.0
valid,16,14,9,14,14,1,5,5,1,0,0.0
valid,18,16,12,16,16,1,4,4,1,0,0.0
valid,25,23,16,23,23,1,7,7,1,0,0.0
valid,30,28,19,28,28,1,9,9,1,0,0.0
valid,26,24,19,24,24,1,5,5,1,0,0.0
valid,15,13,11,13,13,1,2,2,1,0,0.0
valid,22,20,17,20,20,1,3,3,1,0,0.0
valid,44,42,29,42,42,1,13,13,1,0,0.0
valid,40,38,30,38,38,1,8,8,1,0,0.0
valid,25,23,22,23,23,1,1,1,1,0,0.0
valid,16,14,13,14,14,1,1,1,1,0,0.0
valid,20,18,12,18,18,1,6,6,1,0,0.0
valid,34,32,29,32,32,1,3,3,1,0,0.0
valid,22,20,15,20,20,1,5,5,1,0,0.0
valid,27,25,18,25,14,1,7,7,0,0,0.0
valid,19,17,17,17,17,1,0,0,1,0,0.0
valid,8,6,6,6,6,1,0,0,1,0,0.0
valid,18,16,15,16,16,1,1,1,1,0,0.0
valid,12,10,9,10,10,1,1,1,1,0,0.0
valid,28,26,22,26,26,1,4,4,1,0,0.0
valid,32,30,26,30,30,1,4,4,1,0,0.0
valid,46,44,35,44,44,1,9,9,1,0,0.0
valid,11,9,7,9,0,1,2,2,0,0,0.0
valid,40,38,27,38,38,1,11,11,1,0,0.0
valid,49,47,38,47,47,1,9,9,1,0,0.0
valid,17,15,14,15,15,1,1,1,1,0,0.0
valid,39,37,31,37,37,1,6,6,1,0,0.0
valid,49,47,42,47,47,1,5,5,1,0,0.0
valid,18,16,14,16,16,1,2,2,1,0,0.0
valid,40,38,33,38,38,1,5,5,1,0,0.0
valid,49,47,41,47,47,1,6,6,1,0,0.0
valid,19,17,12,17,5,1,5,5,0,0,0.0
valid,8,6,6,6,6,1,0,0,1,0,0.0
valid,20,18,18,18,18,1,0,0,1,0,0.0
valid,19,17,16,17,17,1,1,1,1,0,0.0
valid,18,16,15,16,16,1,1,1,1,0,0.0
valid,37,35,34,35,35,1,1,1,1,0,0.0
valid,34,32,29,32,32,1,3,3,1,0,0.0
valid,35,33,26,33,33,1,7,7,1,0,0.0
valid,27,25,24,25,12,1,1,1,0,0,0.0
valid,47,45,37,45,45,1,8,8,1,0,0.0
valid,11,9,8,9,9,1,1,1,1,0,0.0
valid,16,14,10,14,14,1,4,4,1,0,0.0
valid,21,19,13,19,19,1,6,6,1,0,0.0
valid,15,13,13,13,0,1,0,0,0,0,0.0
valid,20,18,18,18,18,1,0,0,1,0,0.0
valid,12,10,10,10,0,1,0,0,0,0,0.0
valid,17,15,9,15,15,1,6,6,1,0,0.0
valid,34,32,28,32,32,1,4,4,1,0,0.0
valid,26,24,15,24,24,1,9,9,1,0,0.0
valid,24,22,18,22,22,1,4,4,1,0,0.0
valid,25,23,21,23,23,1,2,2,1,0,0.0
valid,14,12,9,12,12,1,3,3,1,0,0.0
valid,8,6,6,6,6,1,0,0,1,0,0.0
valid,22,20,18,20,20,1,2,2,1,0,0.0
valid,12,10,10,10,10,1,0,0,1,0,0.0
valid,38,36,30,36,36,1,6,6,1,0,0.0
valid,32,30,24,30,30,1,6,6,1,0,0.0
valid,16,14,13,14,14,1,1,1,1,0,0.0
valid,28,26,22,26,26,1,4,4,1,0,0.0
valid,10,8,8,8,8,1,0,0,1,0,0.0
valid,9,7,6,7,4,1,1,1,0,0,0.0
valid,37,35,29,35,35,1,6,6,1,0,0.0
valid,14,12,11,12,12,1,1,1,1,0,0.0
valid,26,24,20,24,24,1,4,4,1,0,0.0
valid,17,15,12,15,15,1,3,3,1,0,0.0
valid,19,17,12,17,17,1,5,5,1,0,0.0
valid,48,46,38,46,46,1,8,8,1,0,0.0
valid,26,24,21,24,24,1,3,3,1,0,0.0
valid,18,16,13,16,1,1,3,3,0,0,0.0
valid,32,30,26,30,30,1,4,4,1,0,0.0
valid,17,15,13,15,15,1,2,2,1,0,0.0
valid,18,16,14,16,16,1,2,2,1,0,0.0
valid,15,13,9,13,13,1,4,4,1,0,0.0
valid,24,22,20,22,22,1,2,2,1,0,0.0
valid,31,29,25,29,29,1,4,4,1,0,0.0
valid,40,38,36,38,38,1,2,2,1,0,0.0
valid,28,26,17,26,26,1,9,9,1,0,0.0
valid,22,20,17,20,20,1,3,3,1,0,0.0
valid,43,41,36,41,41,1,5,5,1,0,0.0
valid,23,21,14,21,21,1,7,7,1,0,0.0
valid,50,48,44,48,48,1,5,4,1,0,0.0
valid,30,28,27,28,28,1,1,1,1,0,0.0
valid,31,29,26,29,29,1,3,3,1,0,0.0
valid,32,30,19,30,30,1,11,11,1,0,0.0
valid,35,33,29,33,33,1,4,4,1,0,0.0
valid,26,24,16,24,24,1,8,8,1,0,0.0
valid,17,15,14,15,15,1,1,1,1,0,0.0
valid,18,16,16,16,13,1,0,0,0,0,0.0
valid,21,19,19,19,0,1,0,0,0,0,0.0
valid,10,8,8,8,8,1,0,0,1,0,0.0
valid,17,15,13,15,15,1,2,2,1,0,0.0
valid,10,8,8,8,8,1,0,0,1,0,0.0
valid,15,13,11,13,13,1,2,2,1,0,0.0
valid,50,48,54,48,48,1,8,0,1,1,0.11111111111111116
valid,12,10,7,10,10,1,3,3,1,0,0.0
valid,30,28,25,28,28,1,3,3,1,0,0.0
valid,22,20,16,20,20,1,4,4,1,0,0.0
valid,19,17,13,17,17,1,4,4,1,0,0.0
valid,15,13,12,13,13,1,1,1,1,0,0.0
valid,27,25,21,25,25,1,4,4,1,0,0.0
valid,28,26,25,26,26,1,1,1,1,0,0.0
valid,50,48,56,48,48,1,8,0,1,1,0.1428571428571429
valid,30,28,20,28,28,1,8,8,1,0,0.0
valid,20,18,13,18,18,1,5,5,1,0,0.0
valid,13,11,9,11,11,1,2,2,1,0,0.0
valid,24,22,20,22,22,1,2,2,1,0,0.0
valid,34,32,28,32,32,1,4,4,1,0,0.0
valid,30,28,26,28,11,1,2,2,0,0,0.0
valid,15,13,13,13,0,1,0,0,0,0,0.0
valid,23,21,20,21,21,1,1,1,1,0,0.0
valid,9,7,7,7,0,1,0,0,0,0,0.0
valid,36,34,28,34,34,1,6,6,1,0,0.0
valid,20,18,14,18,18,1,4,4,1,0,0.0
valid,35,33,30,33,33,1,3,3,1,0,0.0
valid,39,37,36,37,37,1,1,1,1,0,0.0
valid,13,11,10,11,11,1,1,1,1,0,0.0
valid,13,11,9,11,0,1,2,2,0,0,0.0
valid,15,13,11,13,0,1,2,2,0,0,0.0
valid,15,13,10,13,13,1,3,3,1,0,0.0
valid,17,15,12,15,15,1,3,3,1,0,0.0
valid,29,27,20,27,27,1,7,7,1,0,0.0
valid,31,29,26,29,29,1,3,3,1,0,0.0
valid,11,9,6,9,9,1,3,3,1,0,0.0
valid,16,14,14,14,14,1,0,0,1,0,0.0
valid,8,6,6,6,6,1,0,0,1,0,0.0
valid,10,8,8,8,8,1,0,0,1,0,0.0
valid,20,18,16,18,18,1,2,2,1,0,0.0
valid,18,16,11,16,16,1,5,5,1,0,0.0
valid,18,16,14,16,16,1,2,2,1,0,0.0
valid,21,19,15,19,19,1,4,4,1,0,0.0
valid,12,10,9,10,10,1,1,1,1,0,0.0
valid,15,13,12,13,13,1,1,1,1,0,0.0
valid,15,13,11,13,13,1,2,2,1,0,0.0
valid,25,23,18,23,23,1,5,5,1,0,0.0
valid,17,15,14,15,15,1,1,1,1,0,0.0
valid,34,32,29,32,32,1,3,3,1,0,0.0
valid,25,23,19,23,23,1,4,4,1,0,0.0
valid,30,28,23,28,28,1,5,5,1,0,0.0
valid,18,16,15,16,16,1,1,1,1,0,0.0
valid,47,45,37,45,45,1,8,8,1,0,0.0
valid,23,21,16,21,21,1,5,5,1,0,0.0
valid,36,34,27,34,34,1,7,7,1,0,0.0
valid,16,14,13,14,14,1,1,1,1,0,0.0
valid,50,48,42,48,48,1,6,6,1,0,0.0
valid,11,9,9,9,9,1,0,0,1,0,0.0
valid,19,17,15,17,17,1,2,2,1,0,0.0
valid,28,26,23,26,26,1,3,3,1,0,0.0
valid,18,16,10,16,16,1,6,6,1,0,0.0
valid,8,6,4,6,6,1,2,2,1,0,0.0
valid,18,16,16,16,16,1,0,0,1,0,0.0
valid,24,22,20,22,22,1,2,2,1,0,0.0
valid,20,18,16,18,18,1,2,2,1,0,0.0
valid,17,15,15,15,15,1,0,0,1,0,0.0
valid,34,32,31,32,32,1,1,1,1,0,0.0
valid,17,15,14,15,15,1,1,1,1,0,0.0
valid,34,32,28,32,32,1,4,4,1,0,0.0
valid,18,16,12,16,16,1,4,4,1,0,0.0
valid,29,27,23,27,20,1,4,4,0,0,0.0
valid,32,30,18,30,18,1,12,12,0,0,0.0
valid,26,24,20,24,24,1,4,4,1,0,0.0
valid,32,30,26,30,30,1,4,4,1,0,0.0
valid,26,24,20,24,24,1,4,4,1,0,0.0
valid,35,33,29,33,33,1,4,4,1,0,0.0
valid,28,26,23,26,26,1,3,3,1,0,0.0
valid,23,21,18,21,21,1,3,3,1,0,0.0
valid,20,18,17,18,18,1,1,1,1,0,0.0
valid,35,33,28,33,33,1,5,5,1,0,0.0
valid,9,7,7,7,7,1,0,0,1,0,0.0
valid,19,17,16,17,17,1,1,1,1,0,0.0
valid,44,42,31,42,42,1,11,11,1,0,0.0
valid,12,10,10,10,10,1,0,0,1,0,0.0
valid,23,21,16,21,21,1,5,5,1,0,0.0
valid,16,14,14,14,14,1,0,0,1,0,0.0
valid,31,29,26,29,29,1,3,3,1,0,0.0
valid,29,27,23,27,23,1,4,4,0,0,0.0
valid,31,29,28,29,15,1,1,1,0,0,0.0
valid,24,22,17,22,18,1,5,5,0,0,0.0
valid,33,31,21,31,30,1,10,10,0,0,0.0
valid,39,37,30,37,37,1,7,7,1,0,0.0
valid,26,24,21,24,24,1,3,3,1,0,0.0
valid,9,7,6,7,7,1,1,1,1,0,0.0
valid,19,17,16,17,17,1,1,1,1,0,0.0
valid,12,10,9,10,10,1,1,1,1,0,0.0
valid,11,9,8,9,9,1,1,1,1,0,0.0
valid,19,17,12,17,17,1,5,5,1,0,0.0
valid,31,29,23,29,29,1,6,6,1,0,0.0
valid,7,5,5,5,5,1,0,0,1,0,0.0
valid,14,12,11,12,12,1,1,1,1,0,0.0
valid,35,33,26,33,33,1,7,7,1,0,0.0
valid,18,16,15,16,16,1,1,1,1,0,0.0
valid,12,10,9,10,10,1,1,1,1,0,0.0
valid,26,24,21,24,24,1,3,3,1,0,0.0
valid,50,48,48,48,48,1,8,0,1,0,0.0
valid,48,46,40,46,46,1,6,6,1,0,0.0
valid,34,32,26,32,32,1,6,6,1,0,0.0
valid,26,24,22,24,24,1,2,2,1,0,0.0
valid,18,16,13,16,16,1,3,3,1,0,0.0
valid,21,19,15,19,19,1,4,4,1,0,0.0
valid,42,40,28,40,40,1,12,12,1,0,0.0
valid,28,26,23,26,26,1,3,3,1,0,0.0
valid,24,22,19,22,22,1,3,3,1,0,0.0
valid,23,21,18,21,21,1,3,3,1,0,0.0
valid,31,29,23,29,29,1,6,6,1,0,0.0
valid,23,21,17,21,21,1,4,4,1,0,0.0
valid,45,43,36,43,43,1,7,7,1,0,0.0
valid,35,33,29,33,33,1,4,4,1,0,0.0
valid,43,41,27,41,41,1,14,14,1,0,0.0
valid,26,24,18,24,24,1,6,6,1,0,0.0
valid,21,19,13,19,19,1,6,6,1,0,0.0
valid,40,38,32,38,38,1,6,6,1,0,0.0
valid,14,12,11,12,12,1,1,1,1,0,0.0
valid,33,31,25,31,31,1,6,6,1,0,0.0
valid,29,27,24,27,22,1,3,3,0,0,0.0
valid,22,20,18,20,20,1,2,2,1,0,0.0
valid,25,23,20,23,23,1,3,3,1,0,0.0
valid,46,44,28,44,39,1,16,16,0,0,0.0
valid,27,25,17,25,13,1,8,8,0,0,0.0
valid,29,27,24,27,14,1,3,3,0,0,0.0
valid,10,8,8,8,8,1,0,0,1,0,0.0
valid,18,16,13,16,16,1,3,3,1,0,0.0
valid,21,19,18,19,19,1,1,1,1,0,0.0
valid,23,21,18,21,21,1,3,3,1,0,0.0
valid,21,19,16,19,19,1,3,3,1,0,0.0
valid,27,25,19,25,25,1,6,6,1,0,0.0
valid,42,40,31,40,40,1,9,9,1,0,0.0
valid,31,29,26,29,29,1,3,3,1,0,0.0
valid,15,13,12,13,13,1,1,1,1,0,0.0
valid,11,9,7,9,9,1,2,2,1,0,0.0
valid,22,20,17,20,20,1,3,3,1,0,0.0
valid,34,32,30,32,32,1,2,2,1,0,0.0
valid,22,20,18,20,20,1,2,2,1,0,0.0
valid,27,25,17,25,25,1,8,8,1,0,0.0
valid,23,21,11,21,21,1,10,10,1,0,0.0
valid,31,29,25,29,29,1,4,4,1,0,0.0
valid,42,40,18,40,40,1,22,22,1,0,0.0
valid,21,19,16,19,19,1,3,3,1,0,0.0
valid,16,14,13,14,14,1,1,1,1,0,0.0
valid,37,35,29,35,35,1,6,6,1,0,0.0
valid,29,27,25,27,27,1,2,2,1,0,0.0
valid,33,31,16,31,31,1,15,15,1,0,0.0
valid,41,39,27,39,39,1,12,12,1,0,0.0
valid,29,27,24,27,26,1,3,3,0,0,0.0
valid,50,48,45,48,48,1,5,3,1,0,0.0
valid,16,14,13,14,14,1,1,1,1,0,0.0
valid,20,18,17,18,18,1,1,1,1,0,0.0
valid,15,13,12,13,13,1,1,1,1,0,0.0
valid,14,12,10,12,12,1,2,2,1,0,0.0
valid,25,23,19,23,23,1,4,4,1,0,0.0
valid,50,48,70,48,48,1,13,0,1,1,0.3142857142857143
valid,28,26,17,26,26,1,9,9,1,0,0.0
valid,31,29,28,29,29,1,1,1,1,0,0.0
valid,50,48,43,48,48,1,11,5,1,0,0.0
valid,35,33,22,33,33,1,11,11,1,0,0.0
valid,29,27,24,27,27,1,3,3,1,0,0.0
valid,42,40,33,40,37,1,7,7,0,0,0.0
valid,43,41,39,41,41,1,2,2,1,0,0.0
valid,16,14,13,14,14,1,1,1,1,0,0.0
valid,23,21,18,21,21,1,3,3,1,0,0.0
valid,25,23,20,23,23,1,3,3,1,0,0.0
valid,37,35,30,35,35,1,5,5,1,0,0.0
valid,15,13,12,13,13,1,1,1,1,0,0.0
valid,50,48,41,48,48,1,7,7,1,0,0.0
valid,27,25,24,25,25,1,1,1,1,0,0.0
valid,16,14,13,14,14,1,1,1,1,0,0.0
valid,39,37,33,37,37,1,4,4,1,0,0.0
valid,21,19,17,19,19,1,2,2,1,0,0.0
valid,18,16,15,16,16,1,1,1,1,0,0.0
valid,24,22,18,22,22,1,4,4,1,0,0.0
valid,24,22,18,22,22,1,4,4,1,0,0.0
valid,28,26,22,26,26,1,4,4,1,0,0.0
valid,12,10,8,10,10,1,2,2,1,0,0.0
valid,21,19,14,19,2,1,5,5,0,0,0.0
valid,25,23,19,23,23,1,4,4,1,0,0.0
valid,26,24,23,24,24,1,1,1,1,0,0.0
valid,27,25,23,25,25,1,2,2,1,0,0.0
valid,23,21,17,21,16,1,4,4,0,0,0.0
valid,34,32,23,32,32,1,9,9,1,0,0.0
valid,17,15,13,15,15,1,2,2,1,0,0.0
valid,32,30,20,30,30,1,10,10,1,0,0.0
valid,17,15,12,15,15,1,3,3,1,0,0.0
valid,43,41,28,41,41,1,13,13,1,0,0.0
valid,22,20,17,20,20,1,3,3,1,0,0.0
valid,44,42,30,42,42,1,12,12,1,0,0.0
valid,17,15,11,15,15,1,4,4,1,0,0.0
valid,29,27,24,27,27,1,3,3,1,0,0.0
valid,35,33,19,33,33,1,14,14,1,0,0.0
valid,17,15,14,15,15,1,1,1,1,0,0.0
valid,24,22,21,22,22,1,1,1,1,0,0.0
valid,50,48,42,48,48,1,6,6,1,0,0.0
valid,28,26,24,26,26,1,2,2,1,0,0.0
valid,50,48,52,48,48,1,6,0,1,1,0.07692307692307687
valid,50,48,37,48,48,1,12,11,1,0,0.0
valid,34,32,26,32,32,1,6,6,1,0,0.0
valid,15,13,11,13,13,1,2,2,1,0,0.0
valid,9,7,6,7,7,1,1,1,1,0,0.0
valid,29,27,23,27,27,1,4,4,1,0,0.0
valid,47,45,35,45,45,1,10,10,1,0,0.0
valid,28,26,21,26,26,1,5,5,1,0,0.0
valid,16,14,12,14,14,1,2,2,1,0,0.0
valid,9,7,5,7,7,1,2,2,1,0,0.0
valid,14,12,8,12,12,1,4,4,1,0,0.0
valid,19,17,16,17,17,1,1,1,1,0,0.0
valid,23,21,14,21,21,1,7,7,1,0,0.0
valid,8,6,5,6,6,1,1,1,1,0,0.0
valid,36,34,26,34,34,1,8,8,1,0,0.0
valid,9,7,6,7,7,1,1,1,1,0,0.0
valid,45,43,36,43,43,1,7,7,1,0,0.0
valid,19,17,12,17,17,1,5,5,1,0,0.0
valid,24,22,19,22,22,1,3,3,1,0,0.0
valid,34,32,26,32,32,1,6,6,1,0,0.0
valid,34,32,31,32,32,1,1,1,1,0,0.0
valid,14,12,11,12,12,1,1,1,1,0,0.0
valid,8,6,6,6,0,1,0,0,0,0,0.0
valid,41,39,36,39,39,1,3,3,1,0,0.0
valid,24,22,21,22,22,1,1,1,1,0,0.0
valid,15,13,11,13,13,1,2,2,1,0,0.0
valid,50,48,61,2,0,0,0,0,0,1,0.21311475409836067
valid,21,19,16,19,19,1,3,3,1,0,0.0
valid,31,29,27,29,29,1,2,2,1,0,0.0
valid,50,48,53,48,45,1,8,0,0,1,0.09433962264150941
valid,30,28,24,28,23,1,4,4,0,0,0.0
valid,32,30,26,30,5,1,4,4,0,0,0.0
valid,19,17,14,17,1,1,3,3,0,0,0.0
valid,23,21,19,21,1,1,2,2,0,0,0.0
valid,14,12,12,12,12,1,0,0,1,0,0.0
valid,10,8,8,8,8,1,0,0,1,0,0.0
valid,37,35,31,35,35,1,4,4,1,0,0.0
valid,12,10,9,10,3,1,1,1,0,0,0.0
valid,14,12,12,12,9,1,0,0,0,0,0.0
valid,18,16,12,16,16,1,4,4,1,0,0.0
valid,22,20,15,20,20,1,5,5,1,0,0.0
valid,21,19,16,19,19,1,3,3,1,0,0.0
valid,33,31,28,31,31,1,3,3,1,0,0.0
valid,24,22,21,22,22,1,1,1,1,0,0.0
valid,18,16,16,16,16,1,0,0,1,0,0.0
valid,50,48,50,48,48,1,6,0,1,0,0.0
valid,8,6,6,6,6,1,0,0,1,0,0.0
valid,30,28,24,28,28,1,4,4,1,0,0.0
valid,21,19,14,19,19,1,5,5,1,0,0.0
valid,6,4,4,4,4,1,0,0,1,0,0.0
valid,21,19,18,19,19,1,1,1,1,0,0.0
valid,27,25,18,25,24,1,7,7,0,0,0.0
valid,24,22,15,22,22,1,7,7,1,0,0.0
valid,30,28,24,28,28,1,4,4,1,0,0.0
valid,24,22,21,22,22,1,1,1,1,0,0.0
valid,12,10,8,10,10,1,2,2,1,0,0.0
valid,9,7,7,7,7,1,0,0,1,0,0.0
valid,20,18,16,18,5,1,2,2,0,0,0.0
valid,19,17,15,17,17,1,2,2,1,0,0.0
valid,7,5,5,5,5,1,0,0,1,0,0.0
valid,26,24,20,24,23,1,4,4,0,0,0.0
valid,25,23,21,23,13,1,2,2,0,0,0.0
valid,50,48,40,48,48,1,8,8,1,0,0.0
valid,50,48,65,48,48,1,5,0,1,1,0.2615384615384615
valid,20,18,18,18,14,1,0,0,0,0,0.0
valid,23,21,16,21,13,1,5,5,0,0,0.0
valid,24,22,17,22,22,1,5,5,1,0,0.0
valid,12,10,9,10,10,1,1,1,1,0,0.0
valid,47,45,33,45,45,1,12,12,1,0,0.0
valid,28,26,20,26,26,1,6,6,1,0,0.0
valid,21,19,15,19,19,1,4,4,1,0,0.0
valid,21,19,15,19,12,1,4,4,0,0,0.0
valid,50,48,60,48,48,1,8,0,1,1,0.19999999999999996
valid,25,23,19,23,23,1,4,4,1,0,0.0
valid,15,13,11,13,13,1,2,2,1,0,0.0
valid,25,23,21,23,23,1,2,2,1,0,0.0
valid,31,29,24,29,29,1,5,5,1,0,0.0
valid,40,38,35,38,38,1,3,3,1,0,0.0
valid,22,20,18,20,1,1,2,2,0,0,0.0
valid,13,11,10,11,11,1,1,1,1,0,0.0
valid,15,13,11,13,13,1,2,2,1,0,0.0
valid,42,40,32,40,0,1,8,8,0,0,0.0
valid,28,26,22,26,17,1,4,4,0,0,0.0
valid,34,32,29,32,31,1,3,3,0,0,0.0
test,50,48,41,48,48,1,13,7,1,0,0.0
test,19,17,16,17,17,1,1,1,1,0,0.0
test,28,26,21,26,26,1,5,5,1,0,0.0
test,31,29,25,29,29,1,4,4,1,0,0.0
test,25,23,15,23,7,1,8,8,0,0,0.0
test,22,20,19,20,11,1,1,1,0,0,0.0
test,7,5,5,5,0,1,0,0,0,0,0.0
test,50,48,49,48,48,1,5,0,1,0,0.0
test,34,32,27,32,32,1,5,5,1,0,0.0
test,30,28,21,28,28,1,7,7,1,0,0.0
test,33,31,29,31,31,1,2,2,1,0,0.0
test,34,32,27,32,32,1,5,5,1,0,0.0
test,10,8,4,8,8,1,4,4,1,0,0.0
test,20,18,18,18,18,1,0,0,1,0,0.0
test,27,25,20,25,18,1,5,5,0,0,0.0
test,30,28,21,28,28,1,7,7,1,0,0.0
test,27,25,23,25,25,1,2,2,1,0,0.0
test,11,9,5,9,9,1,4,4,1,0,0.0
test,50,48,48,48,48,1,7,0,1,0,0.0
test,13,11,11,11,11,1,0,0,1,0,0.0
test,20,18,13,18,18,1,5,5,1,0,0.0
test,27,25,18,25,25,1,7,7,1,0,0.0
test,50,48,42,48,48,1,8,6,1,0,0.0
test,26,24,19,24,24,1,5,5,1,0,0.0
test,50,48,42,48,48,1,7,6,1,0,0.0
test,10,8,6,8,8,1,2,2,1,0,0.0
test,23,21,17,21,21,1,4,4,1,0,0.0
test,25,23,21,23,23,1,2,2,1,0,0.0
test,6,4,2,4,4,1,2,2,1,0,0.0
test,43,41,40,41,41,1,1,1,1,0,0.0
test,19,17,13,17,17,1,4,4,1,0,0.0
test,26,24,23,24,22,1,1,1,0,0,0.0
test,26,24,18,24,24,1,6,6,1,0,0.0
test,20,18,13,18,18,1,5,5,1,0,0.0
test,50,48,92,48,48,1,14,0,1,1,0.4782608695652174
test,18,16,13,16,16,1,3,3,1,0,0.0
test,28,26,15,26,26,1,11,11,1,0,0.0
test,10,8,4,8,8,1,4,4,1,0,0.0
test,7,5,4,5,5,1,1,1,1,0,0.0
test,20,18,13,18,18,1,5,5,1,0,0.0
test,6,4,4,4,4,1,0,0,1,0,0.0
test,50,48,44,48,43,1,14,4,0,0,0.0
test,8,6,6,6,6,1,0,0,1,0,0.0
test,24,22,17,22,22,1,5,5,1,0,0.0
test,50,48,39,48,48,1,15,9,1,0,0.0
test,26,24,18,24,24,1,6,6,1,0,0.0
test,16,14,14,14,14,1,0,0,1,0,0.0
test,12,10,9,10,0,1,1,1,0,0,0.0
test,28,26,19,26,26,1,7,7,1,0,0.0
test,20,18,13,18,18,1,5,5,1,0,0.0
test,13,11,6,11,11,1,5,5,1,0,0.0
test,10,8,8,8,8,1,0,0,1,0,0.0
test,16,14,13,14,14,1,1,1,1,0,0.0
test,44,42,33,42,42,1,9,9,1,0,0.0
test,31,29,26,29,29,1,3,3,1,0,0.0
test,8,6,6,6,6,1,0,0,1,0,0.0
test,11,9,7,9,9,1,2,2,1,0,0.0
test,19,17,15,17,10,1,2,2,0,0,0.0
test,28,26,17,26,26,1,9,9,1,0,0.0
test,17,15,9,15,15,1,6,6,1,0,0.0
test,22,20,13,20,11,1,7,7,0,0,0.0
test,21,19,16,19,18,1,3,3,0,0,0.0
test,37,35,31,35,21,1,4,4,0,0,0.0
test,15,13,7,13,4,1,6,6,0,0,0.0
test,31,29,25,29,15,1,4,4,0,0,0.0
test,11,9,6,9,9,1,3,3,1,0,0.0
test,23,21,20,21,21,1,1,1,1,0,0.0
test,18,16,9,16,16,1,7,7,1,0,0.0
test,50,48,51,48,48,1,7,0,1,1,0.05882352941176472
test,28,26,18,26,26,1,8,8,1,0,0.0
test,16,14,11,14,14,1,3,3,1,0,0.0
test,50,48,51,48,48,1,18,0,1,1,0.05882352941176472
test,50,48,40,48,48,1,8,8,1,0,0.0
test,35,33,21,33,33,1,12,12,1,0,0.0
test,11,9,4,9,9,1,5,5,1,0,0.0
test,27,25,16,25,25,1,9,9,1,0,0.0
test,12,10,10,10,10,1,0,0,1,0,0.0
test,9,7,7,7,7,1,0,0,1,0,0.0
test,27,25,20,25,25,1,5,5,1,0,0.0
test,15,13,13,13,13,1,0,0,1,0,0.0
test,32,30,18,30,30,1,12,12,1,0,0.0
test,22,20,14,20,20,1,6,6,1,0,0.0
test,28,26,21,26,26,1,5,5,1,0,0.0
test,14,12,12,12,12,1,0,0,1,0,0.0
test,46,44,38,44,33,1,6,6,0,0,0.0
test,15,13,8,13,13,1,5,5,1,0,0.0
test,21,19,14,19,19,1,5,5,1,0,0.0
test,40,38,25,38,38,1,13,13,1,0,0.0
test,28,26,17,26,20,1,9,9,0,0,0.0
test,50,48,43,48,48,1,10,5,1,0,0.0
test,33,31,16,31,14,1,15,15,0,0,0.0
test,50,48,34,48,6,1,16,14,0,0,0.0
test,47,45,30,45,45,1,15,15,1,0,0.0
test,15,13,11,13,13,1,2,2,1,0,0.0
test,8,6,6,6,6,1,0,0,1,0,0.0
test,14,12,8,12,12,1,4,4,1,0,0.0
test,19,17,11,17,17,1,6,6,1,0,0.0
test,44,42,23,42,42,1,19,19,1,0,0.0
test,12,10,9,10,4,1,1,1,0,0,0.0
test,50,48,63,48,45,1,17,0,0,1,0.23809523809523814
test,45,43,24,43,22,1,19,19,0,0,0.0
test,7,5,5,5,5,1,0,0,1,0,0.0
test,32,30,26,30,30,1,4,4,1,0,0.0
test,10,8,8,8,8,1,0,0,1,0,0.0
test,10,8,8,8,8,1,0,0,1,0,0.0
test,19,17,15,17,17,1,2,2,1,0,0.0
test,15,13,13,13,13,1,0,0,1,0,0.0
test,32,30,23,30,30,1,7,7,1,0,0.0
test,37,35,27,35,35,1,8,8,1,0,0.0
test,11,9,4,9,9,1,5,5,1,0,0.0
test,20,18,14,18,18,1,4,4,1,0,0.0
test,21,19,14,19,14,1,5,5,0,0,0.0
test,15,13,10,13,13,1,3,3,1,0,0.0
test,23,21,16,21,21,1,5,5,1,0,0.0
test,50,48,40,48,31,1,16,8,0,0,0.0
test,46,44,30,44,44,1,14,14,1,0,0.0
test,15,13,13,13,13,1,0,0,1,0,0.0
test,8,6,6,6,0,1,0,0,0,0,0.0
test,16,14,10,14,14,1,4,4,1,0,0.0
test,21,19,14,19,19,1,5,5,1,0,0.0
test,27,25,21,25,23,1,4,4,0,0,0.0
test,19,17,13,17,0,1,4,4,0,0,0.0
test,31,29,25,29,0,1,4,4,0,0,0.0
test,14,12,12,12,12,1,0,0,1,0,0.0
test,11,9,6,9,9,1,3,3,1,0,0.0
test,15,13,11,13,13,1,2,2,1,0,0.0
test,13,11,8,11,11,1,3,3,1,0,0.0
test,50,48,37,48,48,1,16,11,1,0,0.0
test,16,14,9,14,14,1,5,5,1,0,0.0
test,20,18,12,18,18,1,6,6,1,0,0.0
test,12,10,8,10,10,1,2,2,1,0,0.0
test,39,37,29,37,37,1,8,8,1,0,0.0
test,33,31,24,31,31,1,7,7,1,0,0.0
test,17,15,13,15,15,1,2,2,1,0,0.0
test,24,22,16,22,22,1,6,6,1,0,0.0
test,25,23,20,23,22,1,3,3,0,0,0.0
test,38,36,30,36,36,1,6,6,1,0,0.0
test,4,2,2,2,2,1,0,0,1,0,0.0
test,15,13,11,13,13,1,2,2,1,0,0.0
test,24,22,18,22,21,1,4,4,0,0,0.0
test,22,20,16,20,20,1,4,4,1,0,0.0
test,27,25,21,25,25,1,4,4,1,0,0.0
test,50,48,69,48,48,1,11,0,1,1,0.30434782608695654
test,34,32,25,32,32,1,7,7,1,0,0.0
test,50,48,34,48,48,1,22,14,1,0,0.0
test,12,10,5,10,10,1,5,5,1,0,0.0
test,21,19,13,19,19,1,6,6,1,0,0.0
test,17,15,13,15,15,1,2,2,1,0,0.0
test,13,11,9,11,11,1,2,2,1,0,0.0
test,21,19,18,19,19,1,1,1,1,0,0.0
test,12,10,7,10,10,1,3,3,1,0,0.0
test,49,47,34,47,47,1,13,13,1,0,0.0
test,40,38,25,38,38,1,13,13,1,0,0.0
test,25,23,21,23,23,1,2,2,1,0,0.0
test,21,19,16,19,19,1,3,3,1,0,0.0
test,15,13,8,13,13,1,5,5,1,0,0.0
test,8,6,6,6,6,1,0,0,1,0,0.0
test,34,32,20,32,32,1,12,12,1,0,0.0
test,14,12,9,12,12,1,3,3,1,0,0.0
test,24,22,13,22,22,1,9,9,1,0,0.0
test,9,7,7,7,7,1,0,0,1,0,0.0
test,33,31,22,31,31,1,9,9,1,0,0.0
test,7,5,5,5,0,1,0,0,0,0,0.0
test,48,46,34,46,42,1,12,12,0,0,0.0
test,12,10,6,10,7,1,4,4,0,0,0.0
test,21,19,15,19,19,1,4,4,1,0,0.0
test,25,23,18,23,23,1,5,5,1,0,0.0
test,21,19,12,19,19,1,7,7,1,0,0.0
test,32,30,26,30,30,1,4,4,1,0,0.0
test,14,12,7,12,12,1,5,5,1,0,0.0
test,16,14,8,14,14,1,6,6,1,0,0.0
test,20,18,14,18,18,1,4,4,1,0,0.0
test,6,4,4,4,4,1,0,0,1,0,0.0
test,9,7,3,7,7,1,4,4,1,0,0.0
test,25,23,21,23,23,1,2,2,1,0,0.0
test,23,21,15,21,21,1,6,6,1,0,0.0
test,20,18,10,18,18,1,8,8,1,0,0.0
test,20,18,17,18,18,1,1,1,1,0,0.0
test,24,22,18,22,22,1,4,4,1,0,0.0
test,12,10,5,10,10,1,5,5,1,0,0.0
test,21,19,17,19,19,1,2,2,1,0,0.0
test,11,9,7,9,9,1,2,2,1,0,0.0
test,15,13,13,13,13,1,0,0,1,0,0.0
test,50,48,40,48,48,1,14,8,1,0,0.0
test,29,27,21,27,27,1,6,6,1,0,0.0
test,31,29,22,29,29,1,7,7,1,0,0.0
test,24,22,20,22,22,1,2,2,1,0,0.0
test,29,27,21,27,27,1,6,6,1,0,0.0
test,23,21,18,21,12,1,3,3,0,0,0.0
test,16,14,10,14,14,1,4,4,1,0,0.0
test,38,36,29,36,36,1,7,7,1,0,0.0
test,43,41,34,41,41,1,7,7,1,0,0.0
test,45,43,37,43,43,1,6,6,1,0,0.0
test,21,19,17,19,19,1,2,2,1,0,0.0
test,30,28,26,28,6,1,2,2,0,0,0.0
test,13,11,10,11,11,1,1,1,1,0,0.0
test,19,17,12,17,17,1,5,5,1,0,0.0
test,43,41,32,41,41,1,9,9,1,0,0.0
test,50,48,38,48,48,1,15,10,1,0,0.0
test,26,24,20,24,24,1,4,4,1,0,0.0
test,7,5,3,5,5,1,2,2,1,0,0.0
test,50,48,94,48,48,1,9,0,1,1,0.4893617021276596
test,30,28,27,28,21,1,1,1,0,0,0.0
test,30,28,26,28,28,1,2,2,1,0,0.0
test,29,27,24,27,27,1,3,3,1,0,0.0
test,24,22,19,22,22,1,3,3,1,0,0.0
test,50,48,45,48,48,1,4,3,1,0,0.0
test,37,35,31,35,35,1,4,4,1,0,0.0
test,27,25,22,25,25,1,3,3,1,0,0.0
test,40,38,35,38,38,1,3,3,1,0,0.0
test,14,12,10,12,12,1,2,2,1,0,0.0
test,50,48,57,48,48,1,12,0,1,1,0.1578947368421053
test,14,12,9,12,12,1,3,3,1,0,0.0
test,28,26,18,26,26,1,8,8,1,0,0.0
test,15,13,11,13,13,1,2,2,1,0,0.0
test,20,18,14,18,18,1,4,4,1,0,0.0
test,29,27,26,27,27,1,1,1,1,0,0.0
test,50,48,41,48,30,1,12,7,0,0,0.0
test,35,33,27,33,33,1,6,6,1,0,0.0
test,10,8,8,8,0,1,0,0,0,0,0.0
test,26,24,18,24,10,1,6,6,0,0,0.0
test,42,40,31,40,4,1,9,9,0,0,0.0
test,32,30,25,30,15,1,5,5,0,0,0.0
test,50,48,40,48,48,1,17,8,1,0,0.0
test,50,48,47,48,48,1,3,1,1,0,0.0
test,22,20,15,20,20,1,5,5,1,0,0.0
test,11,9,6,9,9,1,3,3,1,0,0.0
test,8,6,6,6,6,1,0,0,1,0,0.0
test,31,29,27,29,29,1,2,2,1,0,0.0
test,25,23,17,23,23,1,6,6,1,0,0.0
test,40,38,36,38,38,1,2,2,1,0,0.0
test,18,16,15,16,16,1,1,1,1,0,0.0
test,17,15,15,15,15,1,0,0,1,0,0.0
test,9,7,7,7,4,1,0,0,0,0,0.0
test,23,21,13,21,21,1,8,8,1,0,0.0
test,35,33,31,33,33,1,2,2,1,0,0.0
test,29,27,20,27,27,1,7,7,1,0,0.0
test,34,32,30,32,32,1,2,2,1,0,0.0
test,12,10,10,10,10,1,0,0,1,0,0.0
test,10,8,4,8,8,1,4,4,1,0,0.0
test,33,31,20,31,31,1,11,11,1,0,0.0
test,25,23,22,23,23,1,1,1,1,0,0.0
test,21,19,17,19,19,1,2,2,1,0,0.0
test,11,9,9,9,9,1,0,0,1,0,0.0
test,32,30,25,30,30,1,5,5,1,0,0.0
test,49,47,41,47,47,1,6,6,1,0,0.0
test,24,22,16,22,22,1,6,6,1,0,0.0
test,31,29,20,29,29,1,9,9,1,0,0.0
test,25,23,19,23,23,1,4,4,1,0,0.0
test,29,27,20,27,27,1,7,7,1,0,0.0
test,28,26,17,26,26,1,9,9,1,0,0.0
test,16,14,11,14,14,1,3,3,1,0,0.0
test,28,26,24,26,26,1,2,2,1,0,0.0
test,20,18,13,18,18,1,5,5,1,0,0.0
test,18,16,11,16,16,1,5,5,1,0,0.0
test,18,16,10,16,16,1,6,6,1,0,0.0
test,21,19,16,19,19,1,3,3,1,0,0.0
test,23,21,17,21,21,1,4,4,1,0,0.0
test,34,32,20,32,32,1,12,12,1,0,0.0
test,23,21,17,21,21,1,4,4,1,0,0.0
test,27,25,24,25,25,1,1,1,1,0,0.0
test,14,12,7,12,12,1,5,5,1,0,0.0
test,22,20,15,20,20,1,5,5,1,0,0.0
test,15,13,12,13,13,1,1,1,1,0,0.0
test,9,7,5,7,0,1,2,2,0,0,0.0
test,6,4,4,4,2,1,0,0,0,0,0.0
test,4,2,2,2,2,1,0,0,1,0,0.0
test,20,18,15,18,18,1,3,3,1,0,0.0
test,11,9,8,9,9,1,1,1,1,0,0.0
test,12,10,7,10,10,1,3,3,1,0,0.0
test,15,13,12,13,13,1,1,1,1,0,0.0
test,9,7,5,7,7,1,2,2,1,0,0.0
test,20,18,13,18,18,1,5,5,1,0,0.0
test,30,28,27,28,28,1,1,1,1,0,0.0
test,13,11,9,11,11,1,2,2,1,0,0.0
test,26,24,20,24,24,1,4,4,1,0,0.0
test,17,15,8,15,15,1,7,7,1,0,0.0
test,46,44,33,44,31,1,11,11,0,0,0.0
test,50,48,47,48,48,1,9,1,1,0,0.0
test,33,31,21,31,31,1,10,10,1,0,0.0
test,33,31,24,31,31,1,7,7,1,0,0.0
test,39,37,22,37,37,1,15,15,1,0,0.0
test,20,18,15,18,18,1,3,3,1,0,0.0
test,8,6,6,6,6,1,0,0,1,0,0.0
test,6,4,2,4,4,1,2,2,1,0,0.0
test,19,17,8,17,17,1,9,9,1,0,0.0
test,30,28,24,28,28,1,4,4,1,0,0.0
test,8,6,5,6,6,1,1,1,1,0,0.0
test,30,28,23,28,28,1,5,5,1,0,0.0
test,28,26,22,26,26,1,4,4,1,0,0.0
test,50,48,52,48,48,1,13,0,1,1,0.07692307692307687
test,8,6,6,6,6,1,0,0,1,0,0.0
test,41,39,35,39,38,1,4,4,0,0,0.0
test,22,20,16,20,14,1,4,4,0,0,0.0
test,33,31,30,31,31,1,1,1,1,0,0.0
test,21,19,15,19,0,1,4,4,0,0,0.0
test,29,27,22,27,0,1,5,5,0,0,0.0
test,23,21,15,21,0,1,6,6,0,0,0.0
test,11,9,6,9,0,1,3,3,0,0,0.0
test,16,14,14,14,14,1,0,0,1,0,0.0
test,25,23,21,23,23,1,2,2,1,0,0.0
test,20,18,11,18,18,1,7,7,1,0,0.0
test,44,42,37,42,42,1,5,5,1,0,0.0
test,13,11,8,11,11,1,3,3,1,0,0.0
test,36,34,25,34,34,1,9,9,1,0,0.0
test,50,48,75,48,48,1,2,0,1,1,0.36
test,50,48,42,48,48,1,11,6,1,0,0.0
test,15,13,11,13,13,1,2,2,1,0,0.0
test,42,40,35,40,40,1,5,5,1,0,0.0
test,21,19,11,19,19,1,8,8,1,0,0.0
test,50,48,51,48,48,1,12,0,1,1,0.05882352941176472
test,32,30,25,30,30,1,5,5,1,0,0.0
test,27,25,20,25,24,1,5,5,0,0,0.0
test,26,24,24,24,23,1,0,0,0,0,0.0
test,11,9,6,9,9,1,3,3,1,0,0.0
test,19,17,15,17,3,1,2,2,0,0,0.0
test,25,23,20,23,23,1,3,3,1,0,0.0
test,25,23,21,23,23,1,2,2,1,0,0.0
test,29,27,24,27,27,1,3,3,1,0,0.0
test,50,48,46,48,48,1,6,2,1,0,0.0
test,19,17,14,17,17,1,3,3,1,0,0.0
test,28,26,15,26,0,1,11,11,0,0,0.0
test,21,19,19,19,19,1,0,0,1,0,0.0
test,26,24,21,24,6,1,3,3,0,0,0.0
test,22,20,16,20,20,1,4,4,1,0,0.0
test,16,14,13,14,14,1,1,1,1,0,0.0
test,25,23,22,23,23,1,1,1,1,0,0.0
test,17,15,13,15,15,1,2,2,1,0,0.0
test,20,18,15,18,18,1,3,3,1,0,0.0
test,17,15,12,15,15,1,3,3,1,0,0.0
test,35,33,25,33,33,1,8,8,1,0,0.0
test,24,22,21,22,22,1,1,1,1,0,0.0
test,32,30,25,30,30,1,5,5,1,0,0.0
test,22,20,18,20,20,1,2,2,1,0,0.0
test,21,19,16,19,19,1,3,3,1,0,0.0
test,21,19,16,19,19,1,3,3,1,0,0.0
test,49,47,41,47,47,1,6,6,1,0,0.0
test,23,21,14,21,7,1,7,7,0,0,0.0
test,25,23,17,23,23,1,6,6,1,0,0.0
test,20,18,13,18,18,1,5,5,1,0,0.0
test,24,22,20,22,22,1,2,2,1,0,0.0
test,24,22,14,22,22,1,8,8,1,0,0.0
test,19,17,15,17,17,1,2,2,1,0,0.0
test,50,48,43,48,48,1,8,5,1,0,0.0
test,28,26,22,26,26,1,4,4,1,0,0.0
test,7,5,5,5,5,1,0,0,1,0,0.0
test,14,12,11,12,12,1,1,1,1,0,0.0
test,14,12,10,12,6,1,2,2,0,0,0.0
test,50,48,56,48,48,1,1,0,1,1,0.1428571428571429
test,29,27,22,27,27,1,5,5,1,0,0.0
test,22,20,17,20,13,1,3,3,0,0,0.0
test,50,48,59,48,48,1,3,0,1,1,0.18644067796610164
test,29,27,22,27,27,1,5,5,1,0,0.0
test,11,9,6,9,9,1,3,3,1,0,0.0
test,10,8,6,8,8,1,2,2,1,0,0.0
test,27,25,23,25,25,1,2,2,1,0,0.0
test,36,34,32,34,34,1,2,2,1,0,0.0
test,32,30,23,30,30,1,7,7,1,0,0.0
test,17,15,15,15,15,1,0,0,1,0,0.0
test,35,33,25,33,33,1,8,8,1,0,0.0
test,27,25,21,25,25,1,4,4,1,0,0.0
test,20,18,17,18,18,1,1,1,1,0,0.0
test,39,37,34,37,37,1,3,3,1,0,0.0
test,26,24,15,24,24,1,9,9,1,0,0.0
test,17,15,13,15,15,1,2,2,1,0,0.0
test,30,28,27,28,28,1,1,1,1,0,0.0
test,15,13,11,13,13,1,2,2,1,0,0.0
test,32,30,28,30,30,1,2,2,1,0,0.0
test,20,18,13,18,7,1,5,5,0,0,0.0
test,21,19,17,19,10,1,2,2,0,0,0.0
test,15,13,12,13,13,1,1,1,1,0,0.0
test,19,17,14,17,17,1,3,3,1,0,0.0
test,11,9,9,9,9,1,0,0,1,0,0.0
test,50,48,54,48,48,1,8,0,1,1,0.11111111111111116
test,20,18,15,18,18,1,3,3,1,0,0.0
test,13,11,8,11,11,1,3,3,1,0,0.0
test,38,36,31,36,36,1,5,5,1,0,0.0
test,29,27,23,27,27,1,4,4,1,0,0.0
test,35,33,20,33,29,1,13,13,0,0,0.0
test,20,18,12,18,18,1,6,6,1,0,0.0
test,40,38,35,38,38,1,3,3,1,0,0.0
test,13,11,9,11,11,1,2,2,1,0,0.0
test,21,19,12,19,19,1,7,7,1,0,0.0
test,14,12,9,12,12,1,3,3,1,0,0.0
test,34,32,26,32,32,1,6,6,1,0,0.0
test,36,34,21,34,34,1,13,13,1,0,0.0
test,26,24,20,24,24,1,4,4,1,0,0.0
test,10,8,8,8,8,1,0,0,1,0,0.0
test,19,17,17,17,17,1,0,0,1,0,0.0
test,23,21,16,21,21,1,5,5,1,0,0.0
test,22,20,16,20,16,1,4,4,0,0,0.0
test,31,29,20,29,29,1,9,9,1,0,0.0
test,30,28,24,28,28,1,4,4,1,0,0.0
test,36,34,26,34,34,1,8,8,1,0,0.0
test,20,18,11,18,18,1,7,7,1,0,0.0
test,23,21,14,21,21,1,7,7,1,0,0.0
test,37,35,26,35,35,1,9,9,1,0,0.0
test,24,22,20,22,22,1,2,2,1,0,0.0
test,19,17,16,17,17,1,1,1,1,0,0.0
test,27,25,17,25,25,1,8,8,1,0,0.0
test,46,44,35,44,44,1,9,9,1,0,0.0
test,14,12,11,12,12,1,1,1,1,0,0.0
test,28,26,22,26,26,1,4,4,1,0,0.0
test,10,8,7,8,8,1,1,1,1,0,0.0
test,9,7,5,7,7,1,2,2,1,0,0.0
test,46,44,39,44,44,1,5,5,1,0,0.0
test,18,16,11,16,16,1,5,5,1,0,0.0
test,27,25,25,25,25,1,0,0,1,0,0.0
test,50,48,43,48,48,1,5,5,1,0,0.0
test,45,43,34,43,43,1,9,9,1,0,0.0
test,35,33,16,33,33,1,17,17,1,0,0.0
test,29,27,24,27,27,1,3,3,1,0,0.0
test,17,15,14,15,15,1,1,1,1,0,0.0
test,23,21,20,21,21,1,1,1,1,0,0.0
test,26,24,21,24,24,1,3,3,1,0,0.0
test,15,13,13,13,13,1,0,0,1,0,0.0
test,23,21,17,21,21,1,4,4,1,0,0.0
test,23,21,16,21,21,1,5,5,1,0,0.0
test,40,38,32,38,33,1,6,6,0,0,0.0
test,17,15,12,15,15,1,3,3,1,0,0.0
test,40,38,32,38,38,1,6,6,1,0,0.0
test,25,23,20,23,23,1,3,3,1,0,0.0
test,15,13,11,13,13,1,2,2,1,0,0.0
test,22,20,17,20,20,1,3,3,1,0,0.0
test,28,26,22,26,26,1,4,4,1,0,0.0
test,22,20,18,20,20,1,2,2,1,0,0.0
test,46,44,34,44,44,1,10,10,1,0,0.0
test,9,7,7,7,7,1,0,0,1,0,0.0
test,14,12,11,12,12,1,1,1,1,0,0.0
test,33,31,25,31,31,1,6,6,1,0,0.0
test,19,17,17,17,17,1,0,0,1,0,0.0
test,18,16,14,16,16,1,2,2,1,0,0.0
test,45,43,39,43,43,1,4,4,1,0,0.0
test,24,22,22,22,22,1,0,0,1,0,0.0
test,29,27,21,27,27,1,6,6,1,0,0.0
test,8,6,6,6,6,1,0,0,1,0,0.0
test,10,8,6,8,0,1,2,2,0,0,0.0
test,7,5,5,5,5,1,0,0,1,0,0.0
test,22,20,17,20,19,1,3,3,0,0,0.0
test,25,23,22,23,23,1,1,1,1,0,0.0
test,41,39,35,39,39,1,4,4,1,0,0.0
test,20,18,18,18,18,1,0,0,1,0,0.0
test,17,15,11,15,15,1,4,4,1,0,0.0
test,17,15,14,15,0,1,1,1,0,0,0.0
test,33,31,19,31,31,1,12,12,1,0,0.0
test,27,25,18,25,25,1,7,7,1,0,0.0
test,43,41,34,41,12,1,7,7,0,0,0.0
test,26,24,22,24,24,1,2,2,1,0,0.0
test,16,14,12,14,14,1,2,2,1,0,0.0
test,40,38,32,38,38,1,6,6,1,0,0.0
test,16,14,10,14,14,1,4,4,1,0,0.0
test,23,21,20,21,21,1,1,1,1,0,0.0
test,13,11,10,11,11,1,1,1,1,0,0.0
test,19,17,16,17,17,1,1,1,1,0,0.0
test,16,14,14,14,14,1,0,0,1,0,0.0
test,13,11,11,11,1,1,0,0,0,0,0.0
test,18,16,16,16,15,1,0,0,0,0,0.0
test,19,17,14,17,17,1,3,3,1,0,0.0
test,16,14,12,14,14,1,2,2,1,0,0.0
test,19,17,14,17,17,1,3,3,1,0,0.0
test,26,24,20,24,24,1,4,4,1,0,0.0
test,34,32,24,32,32,1,8,8,1,0,0.0
test,36,34,24,34,34,1,10,10,1,0,0.0
test,22,20,19,20,20,1,1,1,1,0,0.0
test,19,17,14,17,17,1,3,3,1,0,0.0
test,16,14,13,14,14,1,1,1,1,0,0.0
test,32,30,24,30,30,1,6,6,1,0,0.0
test,10,8,6,8,0,1,2,2,0,0,0.0
test,17,15,14,15,15,1,1,1,1,0,0.0
test,20,18,14,18,18,1,4,4,1,0,0.0
test,17,15,13,15,15,1,2,2,1,0,0.0
test,22,20,17,20,20,1,3,3,1,0,0.0
test,13,11,10,11,11,1,1,1,1,0,0.0
test,27,25,20,25,25,1,5,5,1,0,0.0
test,37,35,29,35,35,1,6,6,1,0,0.0
test,16,14,8,14,0,1,6,6,0,0,0.0
test,46,44,37,44,44,1,7,7,1,0,0.0
test,8,6,6,6,6,1,0,0,1,0,0.0
test,31,29,26,29,29,1,3,3,1,0,0.0
test,50,48,36,48,48,1,14,12,1,0,0.0
test,27,25,23,25,25,1,2,2,1,0,0.0
test,36,34,33,34,34,1,1,1,1,0,0.0
test,24,22,22,22,22,1,0,0,1,0,0.0
test,32,30,29,30,30,1,1,1,1,0,0.0
test,10,8,5,8,8,1,3,3,1,0,0.0
test,19,17,13,17,17,1,4,4,1,0,0.0
test,12,10,8,10,10,1,2,2,1,0,0.0
test,18,16,16,16,16,1,0,0,1,0,0.0
test,26,24,23,24,24,1,1,1,1,0,0.0
test,31,29,26,29,29,1,3,3,1,0,0.0
test,22,20,19,20,20,1,1,1,1,0,0.0
test,9,7,7,7,0,1,0,0,0,0,0.0
test,37,35,31,35,35,1,4,4,1,0,0.0
test,24,22,18,22,22,1,4,4,1,0,0.0
test,24,22,21,22,20,1,1,1,0,0,0.0
test,38,36,33,36,34,1,3,3,0,0,0.0
test,49,47,40,47,45,1,7,7,0,0,0.0
test,45,43,38,43,43,1,5,5,1,0,0.0
test,19,17,16,17,0,1,1,1,0,0,0.0
test,50,48,41,48,48,1,13,7,1,0,0.0
test,24,22,21,22,22,1,1,1,1,0,0.0
test,47,45,37,45,45,1,8,8,1,0,0.0
test,9,7,4,7,7,1,3,3,1,0,0.0
test,31,29,29,29,29,1,0,0,1,0,0.0
test,34,32,30,32,28,1,2,2,0,0,0.0
test,14,12,12,12,12,1,0,0,1,0,0.0
test,20,18,16,18,18,1,2,2,1,0,0.0
test,26,24,19,24,24,1,5,5,1,0,0.0
test,40,38,28,38,38,1,10,10,1,0,0.0
test,19,17,11,17,17,1,6,6,1,0,0.0
test,50,48,46,48,48,1,2,2,1,0,0.0
test,20,18,16,18,18,1,2,2,1,0,0.0
test,9,7,7,7,7,1,0,0,1,0,0.0
test,18,16,13,16,6,1,3,3,0,0,0.0
test,27,25,23,25,9,1,2,2,0,0,0.0
test,26,24,19,24,6,1,5,5,0,0,0.0
test,9,7,5,7,0,1,2,2,0,0,0.0
test,19,17,13,17,17,1,4,4,1,0,0.0
test,50,48,118,48,47,1,3,0,0,1,0.5932203389830508
test,50,48,68,48,48,1,6,0,1,1,0.2941176470588235
test,50,48,64,48,48,1,11,0,1,1,0.25
test,39,37,28,37,37,1,9,9,1,0,0.0
test,14,12,11,12,12,1,1,1,1,0,0.0
test,42,40,28,40,40,1,12,12,1,0,0.0
test,26,24,22,24,24,1,2,2,1,0,0.0
test,16,14,13,14,1,1,1,1,0,0,0.0
test,8,6,6,6,0,1,0,0,0,0,0.0
test,10,8,7,8,8,1,1,1,1,0,0.0
test,18,16,16,16,16,1,0,0,1,0,0.0
test,15,13,13,13,13,1,0,0,1,0,0.0
test,16,14,14,14,14,1,0,0,1,0,0.0
test,24,22,21,22,22,1,1,1,1,0,0.0
test,26,24,22,24,24,1,2,2,1,0,0.0
test,26,24,18,24,24,1,6,6,1,0,0.0
test,41,39,34,39,39,1,5,5,1,0,0.0
test,13,11,10,11,11,1,1,1,1,0,0.0
test,29,27,26,27,27,1,1,1,1,0,0.0
test,11,9,6,9,9,1,3,3,1,0,0.0
test,11,9,8,9,9,1,1,1,1,0,0.0
test,28,26,20,26,26,1,6,6,1,0,0.0
test,38,36,30,36,36,1,6,6,1,0,0.0
test,16,14,14,14,14,1,0,0,1,0,0.0
test,35,33,28,33,33,1,5,5,1,0,0.0
test,44,42,35,42,42,1,7,7,1,0,0.0
test,38,36,28,36,36,1,8,8,1,0,0.0
test,34,32,31,32,32,1,1,1,1,0,0.0
test,18,16,15,16,16,1,1,1,1,0,0.0
test,41,39,35,39,39,1,4,4,1,0,0.0
test,50,48,54,48,48,1,8,0,1,1,0.11111111111111116
test,50,48,52,48,48,1,5,0,1,1,0.07692307692307687
test,19,17,15,17,17,1,2,2,1,0,0.0
test,34,32,30,32,32,1,2,2,1,0,0.0
test,39,37,33,37,37,1,4,4,1,0,0.0
test,30,28,22,28,28,1,6,6,1,0,0.0
test,46,44,38,44,44,1,6,6,1,0,0.0
test,34,32,24,32,32,1,8,8,1,0,0.0
test,11,9,9,9,9,1,0,0,1,0,0.0
test,34,32,24,32,32,1,8,8,1,0,0.0
test,33,31,23,31,31,1,8,8,1,0,0.0
test,20,18,17,18,18,1,1,1,1,0,0.0
test,25,23,18,23,23,1,5,5,1,0,0.0
test,19,17,15,17,17,1,2,2,1,0,0.0
test,15,13,11,13,12,1,2,2,0,0,0.0
test,7,5,5,5,5,1,0,0,1,0,0.0
test,9,7,6,7,6,1,1,1,0,0,0.0
test,26,24,20,24,24,1,4,4,1,0,0.0
test,16,14,13,14,14,1,1,1,1,0,0.0
test,13,11,10,11,11,1,1,1,1,0,0.0
test,13,11,10,11,11,1,1,1,1,0,0.0
test,17,15,12,15,15,1,3,3,1,0,0.0
test,35,33,23,33,33,1,10,10,1,0,0.0
test,39,37,27,37,37,1,10,10,1,0,0.0
test,43,41,36,41,41,1,5,5,1,0,0.0
test,25,23,18,23,23,1,5,5,1,0,0.0
test,31,29,26,29,29,1,3,3,1,0,0.0
test,22,20,19,20,0,1,1,1,0,0,0.0
test,23,21,21,21,21,1,0,0,1,0,0.0
test,44,42,38,42,42,1,4,4,1,0,0.0
test,50,48,69,48,48,1,2,0,1,1,0.30434782608695654
test,18,16,16,16,16,1,0,0,1,0,0.0
test,23,21,18,21,21,1,3,3,1,0,0.0
test,38,36,25,36,36,1,11,11,1,0,0.0
test,20,18,17,18,18,1,1,1,1,0,0.0
test,20,18,16,18,18,1,2,2,1,0,0.0
test,21,19,16,19,19,1,3,3,1,0,0.0
test,7,5,5,5,5,1,0,0,1,0,0.0
test,29,27,27,27,0,1,0,0,0,0,0.0
test,7,5,5,5,0,1,0,0,0,0,0.0
test,16,14,13,14,0,1,1,1,0,0,0.0
test,19,17,17,17,0,1,0,0,0,0,0.0
test,9,7,7,7,7,1,0,0,1,0,0.0
test,15,13,10,13,0,1,3,3,0,0,0.0
test,30,28,26,28,8,1,2,2,0,0,0.0
test,22,20,17,20,20,1,3,3,1,0,0.0
test,30,28,18,28,28,1,10,10,1,0,0.0
test,11,9,9,9,9,1,0,0,1,0,0.0
test,48,46,41,46,46,1,5,5,1,0,0.0
test,35,33,28,33,33,1,5,5,1,0,0.0
test,10,8,8,8,8,1,0,0,1,0,0.0
test,19,17,14,17,17,1,3,3,1,0,0.0
test,15,13,12,13,13,1,1,1,1,0,0.0
test,50,48,46,48,47,1,6,2,0,0,0.0
test,28,26,24,26,26,1,2,2,1,0,0.0
test,34,32,28,32,32,1,4,4,1,0,0.0
test,12,10,8,10,10,1,2,2,1,0,0.0
test,18,16,14,16,16,1,2,2,1,0,0.0
test,27,25,19,25,25,1,6,6,1,0,0.0
test,24,22,18,22,22,1,4,4,1,0,0.0
test,20,18,15,18,18,1,3,3,1,0,0.0
test,14,12,10,12,12,1,2,2,1,0,0.0
test,16,14,11,14,14,1,3,3,1,0,0.0
test,14,12,11,12,12,1,1,1,1,0,0.0
test,18,16,14,16,16,1,2,2,1,0,0.0
test,39,37,25,37,33,1,12,12,0,0,0.0
test,21,19,14,19,19,1,5,5,1,0,0.0
test,31,29,23,29,29,1,6,6,1,0,0.0
test,14,12,10,12,12,1,2,2,1,0,0.0
test,50,48,53,48,48,1,10,0,1,1,0.09433962264150941
test,16,14,12,14,14,1,2,2,1,0,0.0
test,12,10,10,10,10,1,0,0,1,0,0.0
test,18,16,15,16,16,1,1,1,1,0,0.0
test,14,12,11,12,12,1,1,1,1,0,0.0
test,30,28,23,28,28,1,5,5,1,0,0.0
test,34,32,28,32,32,1,4,4,1,0,0.0
test,27,25,22,25,25,1,3,3,1,0,0.0
test,37,35,32,35,35,1,3,3,1,0,0.0
test,31,29,27,29,29,1,2,2,1,0,0.0
test,20,18,16,18,18,1,2,2,1,0,0.0
test,22,20,18,20,20,1,2,2,1,0,0.0
test,20,18,16,18,18,1,2,2,1,0,0.0
test,14,12,10,12,12,1,2,2,1,0,0.0
test,12,10,10,10,3,1,0,0,0,0,0.0
test,15,13,12,13,13,1,1,1,1,0,0.0
test,12,10,9,10,10,1,1,1,1,0,0.0
test,11,9,8,9,9,1,1,1,1,0,0.0
test,16,14,8,14,14,1,6,6,1,0,0.0
test,35,33,31,33,33,1,2,2,1,0,0.0
test,20,18,14,18,18,1,4,4,1,0,0.0
test,27,25,23,25,25,1,2,2,1,0,0.0
test,16,14,13,14,14,1,1,1,1,0,0.0
test,14,12,10,12,12,1,2,2,1,0,0.0
test,40,38,31,38,38,1,7,7,1,0,0.0
test,14,12,12,12,12,1,0,0,1,0,0.0
test,47,45,36,45,45,1,9,9,1,0,0.0
test,30,28,25,28,28,1,3,3,1,0,0.0
test,32,30,26,30,30,1,4,4,1,0,0.0
test,31,29,26,29,29,1,3,3,1,0,0.0
test,17,15,13,15,15,1,2,2,1,0,0.0
test,23,21,18,21,9,1,3,3,0,0,0.0
test,8,6,6,6,6,1,0,0,1,0,0.0
test,35,33,27,33,33,1,6,6,1,0,0.0
test,28,26,19,26,26,1,7,7,1,0,0.0
test,34,32,28,32,32,1,4,4,1,0,0.0
test,36,34,29,34,34,1,5,5,1,0,0.0
test,22,20,16,20,20,1,4,4,1,0,0.0
test,23,21,14,21,21,1,7,7,1,0,0.0
test,26,24,22,24,24,1,2,2,1,0,0.0
test,21,19,17,19,19,1,2,2,1,0,0.0
test,37,35,30,35,35,1,5,5,1,0,0.0
test,32,30,21,30,30,1,9,9,1,0,0.0
test,15,13,12,13,13,1,1,1,1,0,0.0
test,23,21,13,21,21,1,8,8,1,0,0.0
test,24,22,19,22,22,1,3,3,1,0,0.0
test,29,27,19,27,27,1,8,8,1,0,0.0
test,17,15,12,15,15,1,3,3,1,0,0.0
test,27,25,20,25,25,1,5,5,1,0,0.0
test,37,35,32,35,35,1,3,3,1,0,0.0
test,31,29,25,29,29,1,4,4,1,0,0.0
test,18,16,11,16,16,1,5,5,1,0,0.0
test,18,16,11,16,16,1,5,5,1,0,0.0
test,31,29,27,29,29,1,2,2,1,0,0.0
test,26,24,23,24,24,1,1,1,1,0,0.0
test,50,48,61,48,48,1,2,0,1,1,0.21311475409836067
test,16,14,13,14,14,1,1,1,1,0,0.0
test,40,38,33,38,38,1,5,5,1,0,0.0
test,27,25,18,25,25,1,7,7,1,0,0.0
test,28,26,22,26,26,1,4,4,1,0,0.0
test,22,20,19,20,20,1,1,1,1,0,0.0
test,23,21,19,21,21,1,2,2,1,0,0.0
test,19,17,15,17,17,1,2,2,1,0,0.0
test,50,48,36,48,48,1,14,12,1,0,0.0
test,21,19,17,19,19,1,2,2,1,0,0.0
test,47,45,34,45,45,1,11,11,1,0,0.0
test,20,18,13,18,18,1,5,5,1,0,0.0
test,15,13,9,13,13,1,4,4,1,0,0.0
test,41,39,37,39,39,1,2,2,1,0,0.0
test,12,10,10,10,10,1,0,0,1,0,0.0
test,27,25,22,25,25,1,3,3,1,0,0.0
test,12,10,9,10,10,1,1,1,1,0,0.0
test,17,15,13,15,15,1,2,2,1,0,0.0
test,14,12,12,12,0,1,0,0,0,0,0.0
test,44,42,35,42,42,1,7,7,1,0,0.0
test,22,20,19,20,20,1,1,1,1,0,0.0
test,21,19,17,19,19,1,2,2,1,0,0.0
test,18,16,13,16,16,1,3,3,1,0,0.0
test,18,16,13,16,16,1,3,3,1,0,0.0
test,21,19,17,19,19,1,2,2,1,0,0.0
test,32,30,24,30,30,1,6,6,1,0,0.0
test,25,23,21,23,16,1,2,2,0,0,0.0
test,20,18,11,18,18,1,7,7,1,0,0.0
test,19,17,16,17,17,1,1,1,1,0,0.0
test,38,36,30,36,36,1,6,6,1,0,0.0
test,37,35,32,35,35,1,3,3,1,0,0.0
test,50,48,37,48,48,1,11,11,1,0,0.0
test,22,20,19,20,20,1,1,1,1,0,0.0
test,30,28,22,28,28,1,6,6,1,0,0.0
test,16,14,11,14,14,1,3,3,1,0,0.0
test,21,19,14,19,19,1,5,5,1,0,0.0
test,45,43,36,43,43,1,7,7,1,0,0.0
test,15,13,10,13,13,1,3,3,1,0,0.0
test,12,10,10,10,10,1,0,0,1,0,0.0
test,33,31,26,31,20,1,5,5,0,0,0.0
test,22,20,17,20,20,1,3,3,1,0,0.0
test,50,48,48,48,48,1,4,0,1,0,0.0
test,16,14,12,14,14,1,2,2,1,0,0.0
test,28,26,24,26,26,1,2,2,1,0,0.0
test,21,19,14,19,19,1,5,5,1,0,0.0
test,34,32,24,32,32,1,8,8,1,0,0.0
test,16,14,14,14,14,1,0,0,1,0,0.0
test,18,16,14,16,16,1,2,2,1,0,0.0
test,10,8,7,8,8,1,1,1,1,0,0.0
test,21,19,15,19,19,1,4,4,1,0,0.0
test,14,12,10,12,12,1,2,2,1,0,0.0
test,25,23,19,23,23,1,4,4,1,0,0.0
test,14,12,12,12,12,1,0,0,1,0,0.0
test,9,7,7,7,7,1,0,0,1,0,0.0
test,18,16,14,16,16,1,2,2,1,0,0.0
